<?xml version="1.0" encoding="UTF-8"?>
<metadata xml:lang="en"><Esri><CreaDate>20130326</CreaDate><CreaTime>08320800</CreaTime><SyncOnce>FALSE</SyncOnce><DataProperties><itemProps><itemName Sync="TRUE">Northampton_tm_2011</itemName><imsContentType Sync="TRUE">002</imsContentType><itemSize Sync="TRUE">61.934</itemSize><itemLocation><linkage Sync="TRUE">file://\\139.70.26.251\ccrm\cci\Shoreline_Inventories\Tidal_Marsh_Inventories\Localities\Northampton_2011\Final_TM_data\Northampton_tm_2011.shp</linkage><protocol Sync="TRUE">Local Area Network</protocol></itemLocation><nativeExtBox><westBL Sync="TRUE">409030.765352</westBL><eastBL Sync="TRUE">441737.400705</eastBL><southBL Sync="TRUE">4104535.129050</southBL><northBL Sync="TRUE">4156818.836675</northBL><exTypeCode Sync="TRUE">1</exTypeCode></nativeExtBox></itemProps><coordRef><type Sync="TRUE">Projected</type><geogcsn Sync="TRUE">GCS_North_American_1983</geogcsn><projcsn Sync="TRUE">NAD_1983_UTM_Zone_18N</projcsn><peXml Sync="TRUE">&lt;ProjectedCoordinateSystem xsi:type='typens:ProjectedCoordinateSystem' xmlns:xsi='http://www.w3.org/2001/XMLSchema-instance' xmlns:xs='http://www.w3.org/2001/XMLSchema' xmlns:typens='http://www.esri.com/schemas/ArcGIS/10.0'&gt;&lt;WKT&gt;PROJCS[&amp;quot;NAD_1983_UTM_Zone_18N&amp;quot;,GEOGCS[&amp;quot;GCS_North_American_1983&amp;quot;,DATUM[&amp;quot;D_North_American_1983&amp;quot;,SPHEROID[&amp;quot;GRS_1980&amp;quot;,6378137.0,298.257222101]],PRIMEM[&amp;quot;Greenwich&amp;quot;,0.0],UNIT[&amp;quot;Degree&amp;quot;,0.0174532925199433]],PROJECTION[&amp;quot;Transverse_Mercator&amp;quot;],PARAMETER[&amp;quot;False_Easting&amp;quot;,500000.0],PARAMETER[&amp;quot;False_Northing&amp;quot;,0.0],PARAMETER[&amp;quot;Central_Meridian&amp;quot;,-75.0],PARAMETER[&amp;quot;Scale_Factor&amp;quot;,0.9996],PARAMETER[&amp;quot;Latitude_Of_Origin&amp;quot;,0.0],UNIT[&amp;quot;Meter&amp;quot;,1.0],AUTHORITY[&amp;quot;EPSG&amp;quot;,26918]]&lt;/WKT&gt;&lt;XOrigin&gt;-5120900&lt;/XOrigin&gt;&lt;YOrigin&gt;-9998100&lt;/YOrigin&gt;&lt;XYScale&gt;450445547.3910538&lt;/XYScale&gt;&lt;ZOrigin&gt;-100000&lt;/ZOrigin&gt;&lt;ZScale&gt;10000&lt;/ZScale&gt;&lt;MOrigin&gt;-100000&lt;/MOrigin&gt;&lt;MScale&gt;10000&lt;/MScale&gt;&lt;XYTolerance&gt;0.001&lt;/XYTolerance&gt;&lt;ZTolerance&gt;0.001&lt;/ZTolerance&gt;&lt;MTolerance&gt;0.001&lt;/MTolerance&gt;&lt;HighPrecision&gt;true&lt;/HighPrecision&gt;&lt;WKID&gt;26918&lt;/WKID&gt;&lt;/ProjectedCoordinateSystem&gt;</peXml><csUnits Sync="TRUE">Linear Unit: Meter (1.000000)</csUnits></coordRef><lineage><Process ToolSource="C:\Program Files\ArcGIS\Desktop10.0\ArcToolbox\Toolboxes\Cartography Tools.tbx\SmoothPolygon" Date="20110506" Time="103911">SmoothPolygon "2009 tmi" C:\northampton\2009tmi_SmoothPolygon.shp PAEK "5 Meters" FIXED_ENDPOINT NO_CHECK</Process><Process ToolSource="C:\Program Files\ArcGIS\Desktop10.0\ArcToolbox\Toolboxes\Data Management Tools.tbx\Merge" Date="20110525" Time="151339">Merge C:\Northampton\2009tmi_1_SmoothPolygon.shp;C:\Northampton\2009tmi_2_SmoothPolygon.shp;C:\Northampton\2009tmi_3_SmoothPolygon.shp C:\Northampton\2009tmi_123_SmoothPolygon_Merg.shp "Id "Id" true true false 6 Long 0 6 ,First,#,C:\Northampton\2009tmi_1_SmoothPolygon.shp,Id,-1,-1,C:\Northampton\2009tmi_2_SmoothPolygon.shp,Id,-1,-1,C:\Northampton\2009tmi_3_SmoothPolygon.shp,Id,-1,-1"</Process><Process ToolSource="C:\Program Files\ArcGIS\Desktop10.0\ArcToolbox\Toolboxes\Data Management Tools.tbx\Append" Date="20110525" Time="154152">Append marshsk_11 2009tmi_123_SmoothPolygon_Merg NO_TEST "Id "Id" true false false 6 Long 0 6 ,First,#,N:\cci\portfolios\northampton_inv\marshsk_11.shp,Id,-1,-1" #</Process><Process ToolSource="C:\Program Files\ArcGIS\Desktop10.0\ArcToolbox\Toolboxes\Data Management Tools.tbx\CalculateField" Date="20110526" Time="091538">CalculateField 2009tmi_123_SmoothPolygon_Merg Id "[FID] +1" VB #</Process><Process ToolSource="C:\Program Files\ArcGIS\Desktop10.0\ArcToolbox\Toolboxes\Data Management Tools.tbx\Merge" Date="20110526" Time="105432">Merge 2009tmi_123_SmoothPolygon_Merg;marshsk_11 C:\Northampton\2009tmi_skhb_Polygon_Merge.shp "Id "Id" true true false 6 Long 0 6 ,First,#,2009tmi_123_SmoothPolygon_Merg,Id,-1,-1,marshsk_11,Id,-1,-1"</Process><Process ToolSource="C:\Program Files (x86)\ArcGIS\Desktop10.0\ArcToolbox\Toolboxes\Data Management Tools.tbx\Merge" Date="20111107" Time="145343">Merge NH_Bayside_Marshes;NH_Oceanside_Marshes C:\Northampton\NH_marshes_final.shp "Id "Id" true true false 6 Long 0 6 ,First,#,NH_Bayside_Marshes,Id,-1,-1,NH_Oceanside_Marshes,Id,-1,-1;Shape_Area "Shape_Area" true true false 13 Float 0 0 ,First,#,NH_Bayside_Marshes,Shape_Area,-1,-1,NH_Oceanside_Marshes,Shape_Area,-1,-1"</Process><Process ToolSource="C:\Program Files (x86)\ArcGIS\Desktop10.0\ArcToolbox\Toolboxes\Data Management Tools.tbx\CalculateField" Date="20111108" Time="140526">CalculateField NH_marshes_finalCopy Id 10088 VB #</Process><Process ToolSource="c:\program files (x86)\arcgis\desktop10.0\ArcToolbox\Toolboxes\Cartography Tools.tbx\SmoothPolygon" Date="20111109" Time="093938">SmoothPolygon C:\Northampton\NH_marshes_finalCopy.shp C:\Northampton\NH_marshes_finalCopy_smooth.shp PAEK "5 Meters" FIXED_ENDPOINT NO_CHECK</Process><Process ToolSource="C:\Program Files\ArcGIS\ArcToolbox\Toolboxes\Analysis Tools.tbx\Select" Date="20111116" Time="102424">Select NH_marshes_final "N:\cci\portfolios\northampton_inv\Tidal marsh inventory\NH_marshes_final_kn.shp" #</Process><Process ToolSource="C:\Program Files (x86)\ArcGIS\Desktop10.0\ArcToolbox\Toolboxes\Data Management Tools.tbx\CalculateField" Date="20111116" Time="110158">CalculateField NH_marshes_final_kn marshclass "marsh island" VB #</Process><Process ToolSource="C:\Program Files (x86)\ArcGIS\Desktop10.0\ArcToolbox\Toolboxes\Data Management Tools.tbx\CalculateField" Date="20111116" Time="110244">CalculateField NH_marshes_final_kn marshclass "marsh island" VB #</Process><Process ToolSource="C:\Program Files (x86)\ArcGIS\Desktop10.0\ArcToolbox\Toolboxes\Data Management Tools.tbx\CalculateField" Date="20111116" Time="110644">CalculateField NH_marshes_final_kn marshclass "marsh island" VB #</Process><Process ToolSource="C:\Program Files (x86)\ArcGIS\Desktop10.0\ArcToolbox\Toolboxes\Data Management Tools.tbx\CalculateField" Date="20111116" Time="110921">CalculateField NH_marshes_final_kn marshclass "marsh island" VB #</Process><Process ToolSource="C:\Program Files (x86)\ArcGIS\Desktop10.0\ArcToolbox\Toolboxes\Data Management Tools.tbx\CalculateField" Date="20111116" Time="111107">CalculateField NH_marshes_final_kn marshclass "marsh island" VB #</Process><Process ToolSource="C:\Program Files (x86)\ArcGIS\Desktop10.0\ArcToolbox\Toolboxes\Data Management Tools.tbx\CalculateField" Date="20111116" Time="111229">CalculateField NH_marshes_final_kn marshclass "marsh island" VB #</Process><Process ToolSource="C:\Program Files (x86)\ArcGIS\Desktop10.0\ArcToolbox\Toolboxes\Data Management Tools.tbx\CalculateField" Date="20111116" Time="111351">CalculateField NH_marshes_final_kn marshclass "marsh island" VB #</Process><Process ToolSource="C:\Program Files (x86)\ArcGIS\Desktop10.0\ArcToolbox\Toolboxes\Data Management Tools.tbx\CalculateField" Date="20111116" Time="111704">CalculateField NH_marshes_final_kn marshclass "marsh island" VB #</Process><Process ToolSource="C:\Program Files (x86)\ArcGIS\Desktop10.0\ArcToolbox\Toolboxes\Data Management Tools.tbx\CalculateField" Date="20111116" Time="111834">CalculateField NH_marshes_final_kn marshclass "marsh island" VB #</Process><Process ToolSource="C:\Program Files (x86)\ArcGIS\Desktop10.0\ArcToolbox\Toolboxes\Data Management Tools.tbx\CalculateField" Date="20111116" Time="112201">CalculateField NH_marshes_final_kn marshclass "Fringe &gt;15" VB #</Process><Process ToolSource="C:\Program Files (x86)\ArcGIS\Desktop10.0\ArcToolbox\Toolboxes\Data Management Tools.tbx\CalculateField" Date="20111116" Time="112832">CalculateField NH_marshes_final_kn marshclass "extensive" VB #</Process><Process ToolSource="C:\Program Files (x86)\ArcGIS\Desktop10.0\ArcToolbox\Toolboxes\Data Management Tools.tbx\CalculateField" Date="20111116" Time="113011">CalculateField NH_marshes_final_kn marshclass "extensive" VB #</Process><Process ToolSource="C:\Program Files (x86)\ArcGIS\Desktop10.0\ArcToolbox\Toolboxes\Data Management Tools.tbx\CalculateField" Date="20111116" Time="113101">CalculateField NH_marshes_final_kn marshclass "extensive" VB #</Process><Process ToolSource="C:\Program Files (x86)\ArcGIS\Desktop10.0\ArcToolbox\Toolboxes\Data Management Tools.tbx\CalculateField" Date="20111116" Time="113224">CalculateField NH_marshes_final_kn marshclass "extensive" VB #</Process><Process ToolSource="C:\Program Files (x86)\ArcGIS\Desktop10.0\ArcToolbox\Toolboxes\Data Management Tools.tbx\CalculateField" Date="20111116" Time="113308">CalculateField NH_marshes_final_kn marshclass "extensive" VB #</Process><Process ToolSource="C:\Program Files (x86)\ArcGIS\Desktop10.0\ArcToolbox\Toolboxes\Data Management Tools.tbx\CalculateField" Date="20111116" Time="113326">CalculateField NH_marshes_final_kn marshclass "marsh island" VB #</Process><Process ToolSource="C:\Program Files (x86)\ArcGIS\Desktop10.0\ArcToolbox\Toolboxes\Data Management Tools.tbx\CalculateField" Date="20111116" Time="114454">CalculateField NH_marshes_final_kn marshclass "Fringe 5-10" VB #</Process><Process ToolSource="C:\Program Files (x86)\ArcGIS\Desktop10.0\ArcToolbox\Toolboxes\Data Management Tools.tbx\CalculateField" Date="20111116" Time="114640">CalculateField NH_marshes_final_kn marshclass "Fringe &gt;15" VB #</Process><Process ToolSource="C:\Program Files (x86)\ArcGIS\Desktop10.0\ArcToolbox\Toolboxes\Data Management Tools.tbx\CalculateField" Date="20111116" Time="115600">CalculateField NH_marshes_final_kn marshclass "Fringe &gt;15" VB #</Process><Process ToolSource="C:\Program Files (x86)\ArcGIS\Desktop10.0\ArcToolbox\Toolboxes\Data Management Tools.tbx\CalculateField" Date="20111116" Time="115621">CalculateField NH_marshes_final_kn marshclass "Fringe 10-15" VB #</Process><Process ToolSource="C:\Program Files (x86)\ArcGIS\Desktop10.0\ArcToolbox\Toolboxes\Data Management Tools.tbx\CalculateField" Date="20111116" Time="115732">CalculateField NH_marshes_final_kn marshclass "Fringe &gt;15" VB #</Process><Process ToolSource="C:\Program Files (x86)\ArcGIS\Desktop10.0\ArcToolbox\Toolboxes\Data Management Tools.tbx\CalculateField" Date="20111116" Time="120054">CalculateField NH_marshes_final_kn marshclass "marsh island" VB #</Process><Process ToolSource="C:\Program Files (x86)\ArcGIS\Desktop10.0\ArcToolbox\Toolboxes\Data Management Tools.tbx\CalculateField" Date="20111116" Time="134142">CalculateField NH_marshes_final_kn marshclass "embayed"
 VB #</Process><Process ToolSource="C:\Program Files (x86)\ArcGIS\Desktop10.0\ArcToolbox\Toolboxes\Data Management Tools.tbx\CalculateField" Date="20111116" Time="134808">CalculateField NH_marshes_final_kn marshclass "fringe 5-10"
 VB #</Process><Process ToolSource="C:\Program Files (x86)\ArcGIS\Desktop10.0\ArcToolbox\Toolboxes\Data Management Tools.tbx\CalculateField" Date="20111116" Time="134828">CalculateField NH_marshes_final_kn marshclass "fringe 5-10"
 VB #</Process><Process ToolSource="C:\Program Files (x86)\ArcGIS\Desktop10.0\ArcToolbox\Toolboxes\Data Management Tools.tbx\CalculateField" Date="20111116" Time="134845">CalculateField NH_marshes_final_kn marshclass "Fringe 5-10"
 VB #</Process><Process ToolSource="C:\Program Files (x86)\ArcGIS\Desktop10.0\ArcToolbox\Toolboxes\Data Management Tools.tbx\CalculateField" Date="20111116" Time="135505">CalculateField NH_marshes_final_kn marshclass "embayed"
 VB #</Process><Process ToolSource="C:\Program Files (x86)\ArcGIS\Desktop10.0\ArcToolbox\Toolboxes\Data Management Tools.tbx\CalculateField" Date="20111116" Time="135611">CalculateField NH_marshes_final_kn marshclass "extensive"
 VB #</Process><Process ToolSource="C:\Program Files (x86)\ArcGIS\Desktop10.0\ArcToolbox\Toolboxes\Data Management Tools.tbx\CalculateField" Date="20111116" Time="140057">CalculateField NH_marshes_final_kn marshclass "Fringe 5-10"


 VB #</Process><Process ToolSource="C:\Program Files (x86)\ArcGIS\Desktop10.0\ArcToolbox\Toolboxes\Data Management Tools.tbx\CalculateField" Date="20111116" Time="140150">CalculateField NH_marshes_final_kn marshclass "Fringe &gt;15"


 VB #</Process><Process ToolSource="C:\Program Files (x86)\ArcGIS\Desktop10.0\ArcToolbox\Toolboxes\Data Management Tools.tbx\CalculateField" Date="20111116" Time="140641">CalculateField NH_marshes_final_kn marshclass "Fringe &gt;15"


 VB #</Process><Process ToolSource="C:\Program Files (x86)\ArcGIS\Desktop10.0\ArcToolbox\Toolboxes\Data Management Tools.tbx\CalculateField" Date="20111116" Time="140726">CalculateField NH_marshes_final_kn marshclass "Fringe &gt;15"


 VB #</Process><Process ToolSource="C:\Program Files (x86)\ArcGIS\Desktop10.0\ArcToolbox\Toolboxes\Data Management Tools.tbx\CalculateField" Date="20111116" Time="144520">CalculateField NH_marshes_final_kn marshclass "Fringe 5-10"


 VB #</Process><Process ToolSource="C:\Program Files (x86)\ArcGIS\Desktop10.0\ArcToolbox\Toolboxes\Data Management Tools.tbx\CalculateField" Date="20111116" Time="144819">CalculateField NH_marshes_final_kn marshclass "Fringe 5-10"


 VB #</Process><Process ToolSource="C:\Program Files (x86)\ArcGIS\Desktop10.0\ArcToolbox\Toolboxes\Data Management Tools.tbx\CalculateField" Date="20111116" Time="144913">CalculateField NH_marshes_final_kn marshclass "embayed"


 VB #</Process><Process ToolSource="C:\Program Files (x86)\ArcGIS\Desktop10.0\ArcToolbox\Toolboxes\Data Management Tools.tbx\CalculateField" Date="20111116" Time="144946">CalculateField NH_marshes_final_kn marshclass "Fringe &lt;5"


 VB #</Process><Process ToolSource="C:\Program Files (x86)\ArcGIS\Desktop10.0\ArcToolbox\Toolboxes\Data Management Tools.tbx\CalculateField" Date="20111116" Time="145934">CalculateField NH_marshes_final_kn marshclass "Fringe &lt;5"


 VB #</Process><Process ToolSource="C:\Program Files (x86)\ArcGIS\Desktop10.0\ArcToolbox\Toolboxes\Data Management Tools.tbx\CalculateField" Date="20111116" Time="145954">CalculateField NH_marshes_final_kn marshclass "embayed"


 VB #</Process><Process ToolSource="C:\Program Files (x86)\ArcGIS\Desktop10.0\ArcToolbox\Toolboxes\Data Management Tools.tbx\CalculateField" Date="20111116" Time="150034">CalculateField NH_marshes_final_kn marshclass "Fringe &gt;15"


 VB #</Process><Process ToolSource="C:\Program Files (x86)\ArcGIS\Desktop10.0\ArcToolbox\Toolboxes\Data Management Tools.tbx\CalculateField" Date="20111116" Time="150051">CalculateField NH_marshes_final_kn marshclass "embayed"



 VB #</Process><Process ToolSource="C:\Program Files (x86)\ArcGIS\Desktop10.0\ArcToolbox\Toolboxes\Data Management Tools.tbx\CalculateField" Date="20111116" Time="150145">CalculateField NH_marshes_final_kn marshclass "Fringe 5-10"




 VB #</Process><Process ToolSource="C:\Program Files (x86)\ArcGIS\Desktop10.0\ArcToolbox\Toolboxes\Data Management Tools.tbx\CalculateField" Date="20111116" Time="150226">CalculateField NH_marshes_final_kn marshclass "Fringe &lt;5"




 VB #</Process><Process ToolSource="C:\Program Files (x86)\ArcGIS\Desktop10.0\ArcToolbox\Toolboxes\Data Management Tools.tbx\CalculateField" Date="20111116" Time="152538">CalculateField NH_marshes_final_kn marshclass "Fringe 10-15"




 VB #</Process><Process ToolSource="C:\Program Files (x86)\ArcGIS\Desktop10.0\ArcToolbox\Toolboxes\Data Management Tools.tbx\CalculateField" Date="20111116" Time="152636">CalculateField NH_marshes_final_kn marshclass "Fringe &lt;5"




 VB #</Process><Process ToolSource="C:\Program Files (x86)\ArcGIS\Desktop10.0\ArcToolbox\Toolboxes\Data Management Tools.tbx\CalculateField" Date="20111116" Time="152710">CalculateField NH_marshes_final_kn marshclass "Fringe  10-15"




 VB #</Process><Process ToolSource="C:\Program Files (x86)\ArcGIS\Desktop10.0\ArcToolbox\Toolboxes\Data Management Tools.tbx\CalculateField" Date="20111116" Time="152725">CalculateField NH_marshes_final_kn marshclass "Fringe 10-15"




 VB #</Process><Process ToolSource="C:\Program Files (x86)\ArcGIS\Desktop10.0\ArcToolbox\Toolboxes\Data Management Tools.tbx\CalculateField" Date="20111116" Time="153122">CalculateField NH_marshes_final_kn marshclass "embayed"




 VB #</Process><Process ToolSource="C:\Program Files (x86)\ArcGIS\Desktop10.0\ArcToolbox\Toolboxes\Data Management Tools.tbx\CalculateField" Date="20111116" Time="153203">CalculateField NH_marshes_final_kn marshclass "Fringe &gt;15"




 VB #</Process><Process ToolSource="C:\Program Files (x86)\ArcGIS\Desktop10.0\ArcToolbox\Toolboxes\Data Management Tools.tbx\CalculateField" Date="20111116" Time="153251">CalculateField NH_marshes_final_kn marshclass "Fringe &lt;5"




 VB #</Process><Process ToolSource="C:\Program Files (x86)\ArcGIS\Desktop10.0\ArcToolbox\Toolboxes\Data Management Tools.tbx\CalculateField" Date="20111116" Time="153502">CalculateField NH_marshes_final_kn marshclass "Fringe 10-15"




 VB #</Process><Process ToolSource="C:\Program Files (x86)\ArcGIS\Desktop10.0\ArcToolbox\Toolboxes\Data Management Tools.tbx\CalculateField" Date="20111116" Time="153533">CalculateField NH_marshes_final_kn marshclass "Fringe &lt;5"




 VB #</Process><Process ToolSource="C:\Program Files (x86)\ArcGIS\Desktop10.0\ArcToolbox\Toolboxes\Data Management Tools.tbx\CalculateField" Date="20111116" Time="153613">CalculateField NH_marshes_final_kn marshclass "Fringe &lt;5"




 VB #</Process><Process ToolSource="C:\Program Files (x86)\ArcGIS\Desktop10.0\ArcToolbox\Toolboxes\Data Management Tools.tbx\CalculateField" Date="20111116" Time="154339">CalculateField NH_marshes_final_kn marshclass "extensive"



 VB #</Process><Process ToolSource="C:\Program Files (x86)\ArcGIS\Desktop10.0\ArcToolbox\Toolboxes\Data Management Tools.tbx\CalculateField" Date="20111116" Time="154352">CalculateField NH_marshes_final_kn marshclass "extensive"



 VB #</Process><Process ToolSource="C:\Program Files (x86)\ArcGIS\Desktop10.0\ArcToolbox\Toolboxes\Data Management Tools.tbx\CalculateField" Date="20111116" Time="154427">CalculateField NH_marshes_final_kn marshclass "marsh island"


 VB #</Process><Process ToolSource="C:\Program Files (x86)\ArcGIS\Desktop10.0\ArcToolbox\Toolboxes\Data Management Tools.tbx\CalculateField" Date="20111116" Time="154924">CalculateField NH_marshes_final_kn marshclass "extensive"



 VB #</Process><Process ToolSource="C:\Program Files (x86)\ArcGIS\Desktop10.0\ArcToolbox\Toolboxes\Data Management Tools.tbx\CalculateField" Date="20111116" Time="154946">CalculateField NH_marshes_final_kn marshclass "extensive"



 VB #</Process><Process ToolSource="C:\Program Files (x86)\ArcGIS\Desktop10.0\ArcToolbox\Toolboxes\Data Management Tools.tbx\CalculateField" Date="20111116" Time="155002">CalculateField NH_marshes_final_kn marshclass "extensive"



 VB #</Process><Process ToolSource="C:\Program Files (x86)\ArcGIS\Desktop10.0\ArcToolbox\Toolboxes\Data Management Tools.tbx\CalculateField" Date="20111116" Time="155146">CalculateField NH_marshes_final_kn marshclass "extensive"



 VB #</Process><Process ToolSource="C:\Program Files (x86)\ArcGIS\Desktop10.0\ArcToolbox\Toolboxes\Data Management Tools.tbx\CalculateField" Date="20111116" Time="160844">CalculateField NH_marshes_final_kn marshclass "Fringe &gt;15"




 VB #</Process><Process ToolSource="C:\Program Files (x86)\ArcGIS\Desktop10.0\ArcToolbox\Toolboxes\Data Management Tools.tbx\CalculateField" Date="20111116" Time="160859">CalculateField NH_marshes_final_kn marshclass "Fringe &gt;15"




 VB #</Process><Process ToolSource="C:\Program Files (x86)\ArcGIS\Desktop10.0\ArcToolbox\Toolboxes\Data Management Tools.tbx\CalculateField" Date="20111116" Time="160924">CalculateField NH_marshes_final_kn marshclass "marsh island"





 VB #</Process><Process ToolSource="C:\Program Files (x86)\ArcGIS\Desktop10.0\ArcToolbox\Toolboxes\Data Management Tools.tbx\CalculateField" Date="20111116" Time="161044">CalculateField NH_marshes_final_kn marshclass "extensive"





 VB #</Process><Process ToolSource="C:\Program Files (x86)\ArcGIS\Desktop10.0\ArcToolbox\Toolboxes\Data Management Tools.tbx\CalculateField" Date="20111116" Time="161208">CalculateField NH_marshes_final_kn marshclass "extensive"





 VB #</Process><Process ToolSource="C:\Program Files (x86)\ArcGIS\Desktop10.0\ArcToolbox\Toolboxes\Data Management Tools.tbx\CalculateField" Date="20111116" Time="161413">CalculateField NH_marshes_final_kn marshclass "marsh island"





 VB #</Process><Process ToolSource="C:\Program Files (x86)\ArcGIS\Desktop10.0\ArcToolbox\Toolboxes\Data Management Tools.tbx\CalculateField" Date="20111117" Time="111503">CalculateField NH_marshes_final_kn marshclass "marsh island" VB #</Process><Process ToolSource="C:\Program Files (x86)\ArcGIS\Desktop10.0\ArcToolbox\Toolboxes\Data Management Tools.tbx\CalculateField" Date="20111117" Time="111536">CalculateField NH_marshes_final_kn marshclass "marsh island" VB #</Process><Process ToolSource="C:\Program Files (x86)\ArcGIS\Desktop10.0\ArcToolbox\Toolboxes\Data Management Tools.tbx\CalculateField" Date="20111117" Time="131234">CalculateField NH_marshes_final_kn marshclass "embayed"
 VB #</Process><Process ToolSource="C:\Program Files (x86)\ArcGIS\Desktop10.0\ArcToolbox\Toolboxes\Data Management Tools.tbx\CalculateField" Date="20111117" Time="131456">CalculateField NH_marshes_final_kn marshclass "embayed"
 VB #</Process><Process ToolSource="C:\Program Files (x86)\ArcGIS\Desktop10.0\ArcToolbox\Toolboxes\Data Management Tools.tbx\CalculateField" Date="20111117" Time="132311">CalculateField NH_marshes_final_kn marshclass "marsh island"
 VB #</Process><Process ToolSource="C:\Program Files (x86)\ArcGIS\Desktop10.0\ArcToolbox\Toolboxes\Data Management Tools.tbx\CalculateField" Date="20111117" Time="140346">CalculateField NH_marshes_final_kn marshclass "marsh island"
 VB #</Process><Process ToolSource="C:\Program Files (x86)\ArcGIS\Desktop10.0\ArcToolbox\Toolboxes\Data Management Tools.tbx\CalculateField" Date="20111117" Time="141152">CalculateField NH_marshes_final_kn marshclass "marsh island"
 VB #</Process><Process ToolSource="C:\Program Files (x86)\ArcGIS\Desktop10.0\ArcToolbox\Toolboxes\Data Management Tools.tbx\CalculateField" Date="20111117" Time="142327">CalculateField NH_marshes_final_kn marshclass "Fringe &gt;15"
 VB #</Process><Process ToolSource="C:\Program Files (x86)\ArcGIS\Desktop10.0\ArcToolbox\Toolboxes\Data Management Tools.tbx\CalculateField" Date="20111117" Time="144904">CalculateField NH_marshes_final_kn marshclass "Fringe &lt;5"
 VB #</Process><Process ToolSource="C:\Program Files (x86)\ArcGIS\Desktop10.0\ArcToolbox\Toolboxes\Data Management Tools.tbx\CalculateField" Date="20111117" Time="145328">CalculateField NH_marshes_final_kn marshclass "marsh island"
 VB #</Process><Process ToolSource="C:\Program Files (x86)\ArcGIS\Desktop10.0\ArcToolbox\Toolboxes\Data Management Tools.tbx\CalculateField" Date="20111117" Time="151338">CalculateField NH_marshes_final_kn marshclass "marsh island"
 VB #</Process><Process ToolSource="C:\Program Files (x86)\ArcGIS\Desktop10.0\ArcToolbox\Toolboxes\Data Management Tools.tbx\CalculateField" Date="20111117" Time="154047">CalculateField NH_marshes_final_kn marshclass "Fringe 5-10"

 VB #</Process><Process ToolSource="C:\Program Files (x86)\ArcGIS\Desktop10.0\ArcToolbox\Toolboxes\Data Management Tools.tbx\CalculateField" Date="20111117" Time="154210">CalculateField NH_marshes_final_kn marshclass "Fringe &gt;15"

 VB #</Process><Process ToolSource="C:\Program Files (x86)\ArcGIS\Desktop10.0\ArcToolbox\Toolboxes\Data Management Tools.tbx\CalculateField" Date="20111117" Time="154342">CalculateField NH_marshes_final_kn marshclass "Fringe 5-10"

 VB #</Process><Process ToolSource="C:\Program Files (x86)\ArcGIS\Desktop10.0\ArcToolbox\Toolboxes\Data Management Tools.tbx\CalculateField" Date="20111117" Time="154358">CalculateField NH_marshes_final_kn marshclass "Fringe &lt;5"

 VB #</Process><Process ToolSource="C:\Program Files (x86)\ArcGIS\Desktop10.0\ArcToolbox\Toolboxes\Data Management Tools.tbx\CalculateField" Date="20111117" Time="154519">CalculateField NH_marshes_final_kn marshclass "Fringe 5-10"

 VB #</Process><Process ToolSource="C:\Program Files (x86)\ArcGIS\Desktop10.0\ArcToolbox\Toolboxes\Data Management Tools.tbx\CalculateField" Date="20111117" Time="155036">CalculateField NH_marshes_final_kn marshclass "Fringe 10-15"

 VB #</Process><Process ToolSource="C:\Program Files (x86)\ArcGIS\Desktop10.0\ArcToolbox\Toolboxes\Data Management Tools.tbx\CalculateField" Date="20111117" Time="155134">CalculateField NH_marshes_final_kn marshclass "Fringe &lt;5"

 VB #</Process><Process ToolSource="C:\Program Files (x86)\ArcGIS\Desktop10.0\ArcToolbox\Toolboxes\Data Management Tools.tbx\CalculateField" Date="20111117" Time="155258">CalculateField NH_marshes_final_kn marshclass "extensive"

 VB #</Process><Process ToolSource="C:\Program Files (x86)\ArcGIS\Desktop10.0\ArcToolbox\Toolboxes\Data Management Tools.tbx\CalculateField" Date="20111117" Time="155758">CalculateField NH_marshes_final_kn marshclass "Fringe &lt;5"


 VB #</Process><Process ToolSource="C:\Program Files (x86)\ArcGIS\Desktop10.0\ArcToolbox\Toolboxes\Data Management Tools.tbx\CalculateField" Date="20111117" Time="155843">CalculateField NH_marshes_final_kn marshclass "Fringe 10-15"


 VB #</Process><Process ToolSource="C:\Program Files (x86)\ArcGIS\Desktop10.0\ArcToolbox\Toolboxes\Data Management Tools.tbx\CalculateField" Date="20111118" Time="092540">CalculateField NH_marshes_final_kn marshclass "Fringe &lt;5" VB #</Process><Process ToolSource="C:\Program Files (x86)\ArcGIS\Desktop10.0\ArcToolbox\Toolboxes\Data Management Tools.tbx\CalculateField" Date="20111118" Time="092717">CalculateField NH_marshes_final_kn marshclass "Fringe &gt;15" VB #</Process><Process ToolSource="C:\Program Files (x86)\ArcGIS\Desktop10.0\ArcToolbox\Toolboxes\Data Management Tools.tbx\CalculateField" Date="20111118" Time="093132">CalculateField NH_marshes_final_kn marshclass "Fringe &lt;5" VB #</Process><Process ToolSource="C:\Program Files (x86)\ArcGIS\Desktop10.0\ArcToolbox\Toolboxes\Data Management Tools.tbx\CalculateField" Date="20111118" Time="093322">CalculateField NH_marshes_final_kn marshclass "Fringe 5-10" VB #</Process><Process ToolSource="C:\Program Files (x86)\ArcGIS\Desktop10.0\ArcToolbox\Toolboxes\Data Management Tools.tbx\CalculateField" Date="20111118" Time="093539">CalculateField NH_marshes_final_kn marshclass "marsh island" VB #</Process><Process ToolSource="C:\Program Files (x86)\ArcGIS\Desktop10.0\ArcToolbox\Toolboxes\Data Management Tools.tbx\CalculateField" Date="20111118" Time="093613">CalculateField NH_marshes_final_kn marshclass "Fringe &lt;5" VB #</Process><Process ToolSource="C:\Program Files (x86)\ArcGIS\Desktop10.0\ArcToolbox\Toolboxes\Data Management Tools.tbx\CalculateField" Date="20111118" Time="093630">CalculateField NH_marshes_final_kn marshclass "Fringe &gt;15" VB #</Process><Process ToolSource="C:\Program Files (x86)\ArcGIS\Desktop10.0\ArcToolbox\Toolboxes\Data Management Tools.tbx\CalculateField" Date="20111118" Time="103211">CalculateField NH_marshes_final_kn marshclass "Fringe &gt;15" VB #</Process><Process ToolSource="C:\Program Files (x86)\ArcGIS\Desktop10.0\ArcToolbox\Toolboxes\Data Management Tools.tbx\CalculateField" Date="20111118" Time="103308">CalculateField NH_marshes_final_kn marshclass "Fringe &lt;5" VB #</Process><Process ToolSource="C:\Program Files (x86)\ArcGIS\Desktop10.0\ArcToolbox\Toolboxes\Data Management Tools.tbx\CalculateField" Date="20111118" Time="104755">CalculateField NH_marshes_final_kn marshclass "Fringe 5-10" VB #</Process><Process ToolSource="C:\Program Files (x86)\ArcGIS\Desktop10.0\ArcToolbox\Toolboxes\Data Management Tools.tbx\CalculateField" Date="20111118" Time="104825">CalculateField NH_marshes_final_kn marshclass "Fringe 10-15" VB #</Process><Process ToolSource="C:\Program Files (x86)\ArcGIS\Desktop10.0\ArcToolbox\Toolboxes\Data Management Tools.tbx\CalculateField" Date="20111118" Time="105034">CalculateField NH_marshes_final_kn marshclass "Fringe &lt;5" VB #</Process><Process ToolSource="C:\Program Files (x86)\ArcGIS\Desktop10.0\ArcToolbox\Toolboxes\Data Management Tools.tbx\CalculateField" Date="20111118" Time="133120">CalculateField NH_marshes_final_kn marshclass "Fringe 10-15" VB #</Process><Process ToolSource="C:\Program Files (x86)\ArcGIS\Desktop10.0\ArcToolbox\Toolboxes\Data Management Tools.tbx\CalculateField" Date="20111118" Time="142338">CalculateField NH_marshes_final_kn marshclass "Fringe &gt;15" VB #</Process><Process ToolSource="C:\Program Files (x86)\ArcGIS\Desktop10.0\ArcToolbox\Toolboxes\Data Management Tools.tbx\CalculateField" Date="20111118" Time="142552">CalculateField NH_marshes_final_kn marshclass "Fringe &lt;5" VB #</Process><Process ToolSource="C:\Program Files (x86)\ArcGIS\Desktop10.0\ArcToolbox\Toolboxes\Data Management Tools.tbx\CalculateField" Date="20111118" Time="143625">CalculateField NH_marshes_final_kn marshclass "Fringe 5-10" VB #</Process><Process ToolSource="C:\Program Files (x86)\ArcGIS\Desktop10.0\ArcToolbox\Toolboxes\Data Management Tools.tbx\CalculateField" Date="20111118" Time="154552">CalculateField NH_marshes_final_kn marshclass "Fringe &gt;15" VB #</Process><Process ToolSource="C:\Program Files (x86)\ArcGIS\Desktop10.0\ArcToolbox\Toolboxes\Data Management Tools.tbx\CalculateField" Date="20111118" Time="154612">CalculateField NH_marshes_final_kn marshclass "Fringe 5-10" VB #</Process><Process ToolSource="C:\Program Files (x86)\ArcGIS\Desktop10.0\ArcToolbox\Toolboxes\Data Management Tools.tbx\CalculateField" Date="20111118" Time="154635">CalculateField NH_marshes_final_kn marshclass "Fringe 5-10" VB #</Process><Process ToolSource="C:\Program Files (x86)\ArcGIS\Desktop10.0\ArcToolbox\Toolboxes\Data Management Tools.tbx\CalculateField" Date="20111118" Time="154655">CalculateField NH_marshes_final_kn marshclass "Fringe 10-15" VB #</Process><Process ToolSource="C:\Program Files (x86)\ArcGIS\Desktop10.0\ArcToolbox\Toolboxes\Data Management Tools.tbx\CalculateField" Date="20111118" Time="154756">CalculateField NH_marshes_final_kn marshclass "Fringe 5-10" VB #</Process><Process ToolSource="C:\Program Files (x86)\ArcGIS\Desktop10.0\ArcToolbox\Toolboxes\Data Management Tools.tbx\CalculateField" Date="20111118" Time="154815">CalculateField NH_marshes_final_kn marshclass "Fringe &lt;5" VB #</Process><Process ToolSource="C:\Program Files (x86)\ArcGIS\Desktop10.0\ArcToolbox\Toolboxes\Data Management Tools.tbx\CalculateField" Date="20111118" Time="155036">CalculateField NH_marshes_final_kn marshclass "Fringe &lt;5" VB #</Process><Process ToolSource="C:\Program Files (x86)\ArcGIS\Desktop10.0\ArcToolbox\Toolboxes\Data Management Tools.tbx\CalculateField" Date="20111118" Time="155108">CalculateField NH_marshes_final_kn marshclass "Fringe 10-15" VB #</Process><Process ToolSource="C:\Program Files (x86)\ArcGIS\Desktop10.0\ArcToolbox\Toolboxes\Data Management Tools.tbx\CalculateField" Date="20111121" Time="090259">CalculateField NH_marshes_final_kn marshclass "Fringe 5-10" VB #</Process><Process ToolSource="C:\Program Files (x86)\ArcGIS\Desktop10.0\ArcToolbox\Toolboxes\Data Management Tools.tbx\CalculateField" Date="20111121" Time="090615">CalculateField NH_marshes_final_kn marshclass "Fringe &lt;5"
 VB #</Process><Process ToolSource="C:\Program Files (x86)\ArcGIS\Desktop10.0\ArcToolbox\Toolboxes\Data Management Tools.tbx\CalculateField" Date="20111121" Time="090701">CalculateField NH_marshes_final_kn marshclass "Fringe &lt;5"
 VB #</Process><Process ToolSource="C:\Program Files (x86)\ArcGIS\Desktop10.0\ArcToolbox\Toolboxes\Data Management Tools.tbx\CalculateField" Date="20111121" Time="090718">CalculateField NH_marshes_final_kn marshclass "Fringe 5-10"
 VB #</Process><Process ToolSource="C:\Program Files (x86)\ArcGIS\Desktop10.0\ArcToolbox\Toolboxes\Data Management Tools.tbx\CalculateField" Date="20111121" Time="090806">CalculateField NH_marshes_final_kn marshclass "marsh island"
 VB #</Process><Process ToolSource="C:\Program Files (x86)\ArcGIS\Desktop10.0\ArcToolbox\Toolboxes\Data Management Tools.tbx\CalculateField" Date="20111121" Time="090918">CalculateField NH_marshes_final_kn marshclass "embayed"
 VB #</Process><Process ToolSource="C:\Program Files (x86)\ArcGIS\Desktop10.0\ArcToolbox\Toolboxes\Data Management Tools.tbx\CalculateField" Date="20111121" Time="090953">CalculateField NH_marshes_final_kn marshclass "Fringe &lt;5"
 VB #</Process><Process ToolSource="C:\Program Files (x86)\ArcGIS\Desktop10.0\ArcToolbox\Toolboxes\Data Management Tools.tbx\CalculateField" Date="20111121" Time="091101">CalculateField NH_marshes_final_kn marshclass "Fringe &lt;5"
 VB #</Process><Process ToolSource="C:\Program Files (x86)\ArcGIS\Desktop10.0\ArcToolbox\Toolboxes\Data Management Tools.tbx\CalculateField" Date="20111121" Time="091149">CalculateField NH_marshes_final_kn marshclass "marsh island" VB #</Process><Process ToolSource="C:\Program Files (x86)\ArcGIS\Desktop10.0\ArcToolbox\Toolboxes\Data Management Tools.tbx\CalculateField" Date="20111121" Time="091320">CalculateField NH_marshes_final_kn marshclass "Fringe 5-10" VB #</Process><Process ToolSource="C:\Program Files (x86)\ArcGIS\Desktop10.0\ArcToolbox\Toolboxes\Data Management Tools.tbx\CalculateField" Date="20111121" Time="091359">CalculateField NH_marshes_final_kn marshclass "Fringe &gt;15" VB #</Process><Process ToolSource="C:\Program Files (x86)\ArcGIS\Desktop10.0\ArcToolbox\Toolboxes\Data Management Tools.tbx\CalculateField" Date="20111121" Time="091417">CalculateField NH_marshes_final_kn marshclass "marsh island" VB #</Process><Process ToolSource="C:\Program Files (x86)\ArcGIS\Desktop10.0\ArcToolbox\Toolboxes\Data Management Tools.tbx\CalculateField" Date="20111121" Time="091627">CalculateField NH_marshes_final_kn marshclass "Fringe 5-10" VB #</Process><Process ToolSource="C:\Program Files (x86)\ArcGIS\Desktop10.0\ArcToolbox\Toolboxes\Data Management Tools.tbx\CalculateField" Date="20111121" Time="091653">CalculateField NH_marshes_final_kn marshclass "Fringe &lt;5" VB #</Process><Process ToolSource="C:\Program Files (x86)\ArcGIS\Desktop10.0\ArcToolbox\Toolboxes\Data Management Tools.tbx\CalculateField" Date="20111121" Time="091819">CalculateField NH_marshes_final_kn marshclass "Fringe 5-10" VB #</Process><Process ToolSource="C:\Program Files (x86)\ArcGIS\Desktop10.0\ArcToolbox\Toolboxes\Data Management Tools.tbx\CalculateField" Date="20111121" Time="092356">CalculateField NH_marshes_final_kn marshclass "Fringe &lt;5" VB #</Process><Process ToolSource="C:\Program Files (x86)\ArcGIS\Desktop10.0\ArcToolbox\Toolboxes\Data Management Tools.tbx\CalculateField" Date="20111121" Time="092634">CalculateField NH_marshes_final_kn marshclass "Fringe &lt;5" VB #</Process><Process ToolSource="C:\Program Files (x86)\ArcGIS\Desktop10.0\ArcToolbox\Toolboxes\Data Management Tools.tbx\CalculateField" Date="20111121" Time="092656">CalculateField NH_marshes_final_kn marshclass "Fringe &gt;15" VB #</Process><Process ToolSource="C:\Program Files (x86)\ArcGIS\Desktop10.0\ArcToolbox\Toolboxes\Data Management Tools.tbx\CalculateField" Date="20111121" Time="092830">CalculateField NH_marshes_final_kn marshclass "Fringe &gt;15" VB #</Process><Process ToolSource="C:\Program Files (x86)\ArcGIS\Desktop10.0\ArcToolbox\Toolboxes\Data Management Tools.tbx\CalculateField" Date="20111121" Time="092900">CalculateField NH_marshes_final_kn marshclass "Fringe 5-10"
 VB #</Process><Process ToolSource="C:\Program Files (x86)\ArcGIS\Desktop10.0\ArcToolbox\Toolboxes\Data Management Tools.tbx\CalculateField" Date="20111121" Time="093012">CalculateField NH_marshes_final_kn marshclass "Fringe &lt;5"
 VB #</Process><Process ToolSource="C:\Program Files (x86)\ArcGIS\Desktop10.0\ArcToolbox\Toolboxes\Data Management Tools.tbx\CalculateField" Date="20111121" Time="093156">CalculateField NH_marshes_final_kn marshclass "Fringe &gt;15"
 VB #</Process><Process ToolSource="C:\Program Files (x86)\ArcGIS\Desktop10.0\ArcToolbox\Toolboxes\Data Management Tools.tbx\CalculateField" Date="20111121" Time="093314">CalculateField NH_marshes_final_kn marshclass "Fringe &lt;5"
 VB #</Process><Process ToolSource="C:\Program Files (x86)\ArcGIS\Desktop10.0\ArcToolbox\Toolboxes\Data Management Tools.tbx\CalculateField" Date="20111121" Time="093343">CalculateField NH_marshes_final_kn marshclass "Fringe 5-10"
 VB #</Process><Process ToolSource="C:\Program Files (x86)\ArcGIS\Desktop10.0\ArcToolbox\Toolboxes\Data Management Tools.tbx\CalculateField" Date="20111121" Time="093401">CalculateField NH_marshes_final_kn marshclass "Fringe 10-15"
 VB #</Process><Process ToolSource="C:\Program Files (x86)\ArcGIS\Desktop10.0\ArcToolbox\Toolboxes\Data Management Tools.tbx\CalculateField" Date="20111121" Time="093502">CalculateField NH_marshes_final_kn marshclass "Fringe &lt;5" VB #</Process><Process ToolSource="C:\Program Files (x86)\ArcGIS\Desktop10.0\ArcToolbox\Toolboxes\Data Management Tools.tbx\CalculateField" Date="20111121" Time="093630">CalculateField NH_marshes_final_kn marshclass "embayed" VB #</Process><Process ToolSource="C:\Program Files (x86)\ArcGIS\Desktop10.0\ArcToolbox\Toolboxes\Data Management Tools.tbx\CalculateField" Date="20111121" Time="093815">CalculateField NH_marshes_final_kn marshclass "Fringe 5-10" VB #</Process><Process ToolSource="C:\Program Files (x86)\ArcGIS\Desktop10.0\ArcToolbox\Toolboxes\Data Management Tools.tbx\CalculateField" Date="20111121" Time="094014">CalculateField NH_marshes_final_kn marshclass "embayed" VB #</Process><Process ToolSource="C:\Program Files (x86)\ArcGIS\Desktop10.0\ArcToolbox\Toolboxes\Data Management Tools.tbx\CalculateField" Date="20111121" Time="094047">CalculateField NH_marshes_final_kn marshclass "Fringe 5-10" VB #</Process><Process ToolSource="C:\Program Files (x86)\ArcGIS\Desktop10.0\ArcToolbox\Toolboxes\Data Management Tools.tbx\CalculateField" Date="20111121" Time="094144">CalculateField NH_marshes_final_kn marshclass "Fringe &gt;15"
 VB #</Process><Process ToolSource="C:\Program Files (x86)\ArcGIS\Desktop10.0\ArcToolbox\Toolboxes\Data Management Tools.tbx\CalculateField" Date="20111121" Time="094157">CalculateField NH_marshes_final_kn marshclass "Fringe &lt;5"

 VB #</Process><Process ToolSource="C:\Program Files (x86)\ArcGIS\Desktop10.0\ArcToolbox\Toolboxes\Data Management Tools.tbx\CalculateField" Date="20111121" Time="094207">CalculateField NH_marshes_final_kn marshclass "Fringe &lt;5"

 VB #</Process><Process ToolSource="C:\Program Files (x86)\ArcGIS\Desktop10.0\ArcToolbox\Toolboxes\Data Management Tools.tbx\CalculateField" Date="20111121" Time="095727">CalculateField NH_marshes_final_kn marshclass "Fringe 5-10"
 VB #</Process><Process ToolSource="C:\Program Files (x86)\ArcGIS\Desktop10.0\ArcToolbox\Toolboxes\Data Management Tools.tbx\CalculateField" Date="20111121" Time="100509">CalculateField NH_marshes_final_kn marshclass "Fringe &gt;15"

 VB #</Process><Process ToolSource="C:\Program Files (x86)\ArcGIS\Desktop10.0\ArcToolbox\Toolboxes\Data Management Tools.tbx\CalculateField" Date="20111121" Time="100703">CalculateField NH_marshes_final_kn marshclass "Fringe 5-10"

 VB #</Process><Process ToolSource="C:\Program Files (x86)\ArcGIS\Desktop10.0\ArcToolbox\Toolboxes\Data Management Tools.tbx\CalculateField" Date="20111121" Time="100841">CalculateField NH_marshes_final_kn marshclass "Fringe &lt;5"
 VB #</Process><Process ToolSource="C:\Program Files (x86)\ArcGIS\Desktop10.0\ArcToolbox\Toolboxes\Data Management Tools.tbx\CalculateField" Date="20111121" Time="100928">CalculateField NH_marshes_final_kn marshclass "Fringe &gt;15"
 VB #</Process><Process ToolSource="C:\Program Files (x86)\ArcGIS\Desktop10.0\ArcToolbox\Toolboxes\Data Management Tools.tbx\CalculateField" Date="20111121" Time="101110">CalculateField NH_marshes_final_kn marshclass "Fringe &lt;5" VB #</Process><Process ToolSource="C:\Program Files (x86)\ArcGIS\Desktop10.0\ArcToolbox\Toolboxes\Data Management Tools.tbx\CalculateField" Date="20111121" Time="101217">CalculateField NH_marshes_final_kn marshclass "Fringe 5-10" VB #</Process><Process ToolSource="C:\Program Files (x86)\ArcGIS\Desktop10.0\ArcToolbox\Toolboxes\Data Management Tools.tbx\CalculateField" Date="20111121" Time="101417">CalculateField NH_marshes_final_kn marshclass "Fringe 5-10" VB #</Process><Process ToolSource="C:\Program Files (x86)\ArcGIS\Desktop10.0\ArcToolbox\Toolboxes\Data Management Tools.tbx\CalculateField" Date="20111121" Time="101432">CalculateField NH_marshes_final_kn marshclass "Fringe &lt;5" VB #</Process><Process ToolSource="C:\Program Files (x86)\ArcGIS\Desktop10.0\ArcToolbox\Toolboxes\Data Management Tools.tbx\CalculateField" Date="20111121" Time="101617">CalculateField NH_marshes_final_kn marshclass "Fringe 5-10" VB #</Process><Process ToolSource="C:\Program Files (x86)\ArcGIS\Desktop10.0\ArcToolbox\Toolboxes\Data Management Tools.tbx\CalculateField" Date="20111121" Time="101700">CalculateField NH_marshes_final_kn marshclass "Fringe &gt;15" VB #</Process><Process ToolSource="C:\Program Files (x86)\ArcGIS\Desktop10.0\ArcToolbox\Toolboxes\Data Management Tools.tbx\CalculateField" Date="20111121" Time="105021">CalculateField NH_marshes_final_kn marshclass "marsh island" VB #</Process><Process ToolSource="C:\Program Files (x86)\ArcGIS\Desktop10.0\ArcToolbox\Toolboxes\Data Management Tools.tbx\CalculateField" Date="20111121" Time="105140">CalculateField NH_marshes_final_kn marshclass "Fringe &lt;15"
 VB #</Process><Process ToolSource="C:\Program Files (x86)\ArcGIS\Desktop10.0\ArcToolbox\Toolboxes\Data Management Tools.tbx\CalculateField" Date="20111121" Time="105217">CalculateField NH_marshes_final_kn marshclass "Fringe 10-15"
 VB #</Process><Process ToolSource="C:\Program Files (x86)\ArcGIS\Desktop10.0\ArcToolbox\Toolboxes\Data Management Tools.tbx\CalculateField" Date="20111121" Time="105305">CalculateField NH_marshes_final_kn marshclass "Fringe 5-10"
 VB #</Process><Process ToolSource="C:\Program Files (x86)\ArcGIS\Desktop10.0\ArcToolbox\Toolboxes\Data Management Tools.tbx\CalculateField" Date="20111121" Time="105518">CalculateField NH_marshes_final_kn marshclass "embayed"
 VB #</Process><Process ToolSource="C:\Program Files (x86)\ArcGIS\Desktop10.0\ArcToolbox\Toolboxes\Data Management Tools.tbx\CalculateField" Date="20111121" Time="105539">CalculateField NH_marshes_final_kn marshclass "Fringe 5-10"
 VB #</Process><Process ToolSource="C:\Program Files (x86)\ArcGIS\Desktop10.0\ArcToolbox\Toolboxes\Data Management Tools.tbx\CalculateField" Date="20111121" Time="105721">CalculateField NH_marshes_final_kn marshclass "Fringe &lt;5"

 VB #</Process><Process ToolSource="C:\Program Files (x86)\ArcGIS\Desktop10.0\ArcToolbox\Toolboxes\Data Management Tools.tbx\CalculateField" Date="20111121" Time="105818">CalculateField NH_marshes_final_kn marshclass "Fringe &lt;5"

 VB #</Process><Process ToolSource="C:\Program Files (x86)\ArcGIS\Desktop10.0\ArcToolbox\Toolboxes\Data Management Tools.tbx\CalculateField" Date="20111121" Time="105851">CalculateField NH_marshes_final_kn marshclass "Fringe 5-10"

 VB #</Process><Process ToolSource="C:\Program Files (x86)\ArcGIS\Desktop10.0\ArcToolbox\Toolboxes\Data Management Tools.tbx\CalculateField" Date="20111121" Time="110004">CalculateField NH_marshes_final_kn marshclass "marsh island"

 VB #</Process><Process ToolSource="C:\Program Files (x86)\ArcGIS\Desktop10.0\ArcToolbox\Toolboxes\Data Management Tools.tbx\CalculateField" Date="20111121" Time="110025">CalculateField NH_marshes_final_kn marshclass "Fringe &gt;15"


 VB #</Process><Process ToolSource="C:\Program Files (x86)\ArcGIS\Desktop10.0\ArcToolbox\Toolboxes\Data Management Tools.tbx\CalculateField" Date="20111121" Time="110216">CalculateField NH_marshes_final_kn marshclass "Fringe 5-10"


 VB #</Process><Process ToolSource="C:\Program Files (x86)\ArcGIS\Desktop10.0\ArcToolbox\Toolboxes\Data Management Tools.tbx\CalculateField" Date="20111121" Time="110451">CalculateField NH_marshes_final_kn marshclass "Fringe &gt;15"


 VB #</Process><Process ToolSource="C:\Program Files (x86)\ArcGIS\Desktop10.0\ArcToolbox\Toolboxes\Data Management Tools.tbx\CalculateField" Date="20111121" Time="110541">CalculateField NH_marshes_final_kn marshclass "Fringe 5-10"


 VB #</Process><Process ToolSource="C:\Program Files (x86)\ArcGIS\Desktop10.0\ArcToolbox\Toolboxes\Data Management Tools.tbx\CalculateField" Date="20111121" Time="110753">CalculateField NH_marshes_final_kn marshclass "Fringe &lt;5"


 VB #</Process><Process ToolSource="C:\Program Files (x86)\ArcGIS\Desktop10.0\ArcToolbox\Toolboxes\Data Management Tools.tbx\CalculateField" Date="20111121" Time="110944">CalculateField NH_marshes_final_kn marshclass "Fringe &lt;5"


 VB #</Process><Process ToolSource="C:\Program Files (x86)\ArcGIS\Desktop10.0\ArcToolbox\Toolboxes\Data Management Tools.tbx\CalculateField" Date="20111121" Time="111007">CalculateField NH_marshes_final_kn marshclass "Fringe 10-15"


 VB #</Process><Process ToolSource="C:\Program Files (x86)\ArcGIS\Desktop10.0\ArcToolbox\Toolboxes\Data Management Tools.tbx\CalculateField" Date="20111121" Time="111038">CalculateField NH_marshes_final_kn marshclass "Fringe &gt;15"


 VB #</Process><Process ToolSource="C:\Program Files (x86)\ArcGIS\Desktop10.0\ArcToolbox\Toolboxes\Data Management Tools.tbx\CalculateField" Date="20111121" Time="111653">CalculateField NH_marshes_final_kn marshclass "embayed"


 VB #</Process><Process ToolSource="C:\Program Files (x86)\ArcGIS\Desktop10.0\ArcToolbox\Toolboxes\Data Management Tools.tbx\CalculateField" Date="20111121" Time="111735">CalculateField NH_marshes_final_kn marshclass "Fringe10-15"


 VB #</Process><Process ToolSource="C:\Program Files (x86)\ArcGIS\Desktop10.0\ArcToolbox\Toolboxes\Data Management Tools.tbx\CalculateField" Date="20111121" Time="111746">CalculateField NH_marshes_final_kn marshclass "Fringe 10-15"


 VB #</Process><Process ToolSource="C:\Program Files (x86)\ArcGIS\Desktop10.0\ArcToolbox\Toolboxes\Data Management Tools.tbx\CalculateField" Date="20111121" Time="113352">CalculateField NH_marshes_final_kn marshclass "Fringe &lt;5"


 VB #</Process><Process ToolSource="C:\Program Files (x86)\ArcGIS\Desktop10.0\ArcToolbox\Toolboxes\Data Management Tools.tbx\CalculateField" Date="20111121" Time="113511">CalculateField NH_marshes_final_kn marshclass "Fringe 5-10"


 VB #</Process><Process ToolSource="C:\Program Files (x86)\ArcGIS\Desktop10.0\ArcToolbox\Toolboxes\Data Management Tools.tbx\CalculateField" Date="20111121" Time="113806">CalculateField NH_marshes_final_kn marshclass "Fringe &lt;5"


 VB #</Process><Process ToolSource="C:\Program Files (x86)\ArcGIS\Desktop10.0\ArcToolbox\Toolboxes\Data Management Tools.tbx\CalculateField" Date="20111121" Time="114034">CalculateField NH_marshes_final_kn marshclass "Fringe 5-10"


 VB #</Process><Process ToolSource="C:\Program Files (x86)\ArcGIS\Desktop10.0\ArcToolbox\Toolboxes\Data Management Tools.tbx\CalculateField" Date="20111121" Time="114152">CalculateField NH_marshes_final_kn marshclass "Fringe 5-10"


 VB #</Process><Process ToolSource="C:\Program Files (x86)\ArcGIS\Desktop10.0\ArcToolbox\Toolboxes\Data Management Tools.tbx\CalculateField" Date="20111121" Time="114215">CalculateField NH_marshes_final_kn marshclass "Fringe 10-15"


 VB #</Process><Process ToolSource="C:\Program Files (x86)\ArcGIS\Desktop10.0\ArcToolbox\Toolboxes\Data Management Tools.tbx\CalculateField" Date="20111121" Time="114316">CalculateField NH_marshes_final_kn marshclass "Fringe &gt;15"



 VB #</Process><Process ToolSource="C:\Program Files (x86)\ArcGIS\Desktop10.0\ArcToolbox\Toolboxes\Data Management Tools.tbx\CalculateField" Date="20111121" Time="114808">CalculateField NH_marshes_final_kn marshclass "Fringe &lt;5"



 VB #</Process><Process ToolSource="C:\Program Files (x86)\ArcGIS\Desktop10.0\ArcToolbox\Toolboxes\Data Management Tools.tbx\CalculateField" Date="20111121" Time="120747">CalculateField NH_marshes_final_kn marshclass "Fringe 10-15"



 VB #</Process><Process ToolSource="C:\Program Files (x86)\ArcGIS\Desktop10.0\ArcToolbox\Toolboxes\Data Management Tools.tbx\CalculateField" Date="20111121" Time="124055">CalculateField NH_marshes_final_kn marshclass "Fringe &lt;5" VB #</Process><Process ToolSource="C:\Program Files (x86)\ArcGIS\Desktop10.0\ArcToolbox\Toolboxes\Data Management Tools.tbx\CalculateField" Date="20111121" Time="124651">CalculateField NH_marshes_final_kn marshclass "Fringe &lt;5" VB #</Process><Process ToolSource="C:\Program Files (x86)\ArcGIS\Desktop10.0\ArcToolbox\Toolboxes\Data Management Tools.tbx\CalculateField" Date="20111121" Time="124708">CalculateField NH_marshes_final_kn marshclass "Fringe &gt;15" VB #</Process><Process ToolSource="C:\Program Files (x86)\ArcGIS\Desktop10.0\ArcToolbox\Toolboxes\Data Management Tools.tbx\CalculateField" Date="20111121" Time="124754">CalculateField NH_marshes_final_kn marshclass "Fringe 5-10" VB #</Process><Process ToolSource="C:\Program Files (x86)\ArcGIS\Desktop10.0\ArcToolbox\Toolboxes\Data Management Tools.tbx\CalculateField" Date="20111121" Time="124820">CalculateField NH_marshes_final_kn marshclass "Fringe 5-10" VB #</Process><Process ToolSource="C:\Program Files (x86)\ArcGIS\Desktop10.0\ArcToolbox\Toolboxes\Data Management Tools.tbx\CalculateField" Date="20111121" Time="125055">CalculateField NH_marshes_final_kn marshclass "embayed" VB #</Process><Process ToolSource="C:\Program Files (x86)\ArcGIS\Desktop10.0\ArcToolbox\Toolboxes\Data Management Tools.tbx\CalculateField" Date="20111121" Time="125126">CalculateField NH_marshes_final_kn marshclass "Fringe &lt;5" VB #</Process><Process ToolSource="C:\Program Files (x86)\ArcGIS\Desktop10.0\ArcToolbox\Toolboxes\Data Management Tools.tbx\CalculateField" Date="20111121" Time="125337">CalculateField NH_marshes_final_kn marshclass "Fringe 5-10" VB #</Process><Process ToolSource="C:\Program Files (x86)\ArcGIS\Desktop10.0\ArcToolbox\Toolboxes\Data Management Tools.tbx\CalculateField" Date="20111121" Time="125406">CalculateField NH_marshes_final_kn marshclass "Fringe 5-10" VB #</Process><Process ToolSource="C:\Program Files (x86)\ArcGIS\Desktop10.0\ArcToolbox\Toolboxes\Data Management Tools.tbx\CalculateField" Date="20111121" Time="125833">CalculateField NH_marshes_final_kn marshclass "Fringe 5-10" VB #</Process><Process ToolSource="C:\Program Files (x86)\ArcGIS\Desktop10.0\ArcToolbox\Toolboxes\Data Management Tools.tbx\CalculateField" Date="20111121" Time="125855">CalculateField NH_marshes_final_kn marshclass "Fringe &lt;5" VB #</Process><Process ToolSource="C:\Program Files (x86)\ArcGIS\Desktop10.0\ArcToolbox\Toolboxes\Data Management Tools.tbx\CalculateField" Date="20111121" Time="130154">CalculateField NH_marshes_final_kn marshclass "Fringe &lt;5" VB #</Process><Process ToolSource="C:\Program Files (x86)\ArcGIS\Desktop10.0\ArcToolbox\Toolboxes\Data Management Tools.tbx\CalculateField" Date="20111121" Time="130206">CalculateField NH_marshes_final_kn marshclass "Fringe &gt;15" VB #</Process><Process ToolSource="C:\Program Files (x86)\ArcGIS\Desktop10.0\ArcToolbox\Toolboxes\Data Management Tools.tbx\CalculateField" Date="20111121" Time="130349">CalculateField NH_marshes_final_kn marshclass "Fringe 5-10" VB #</Process><Process ToolSource="C:\Program Files (x86)\ArcGIS\Desktop10.0\ArcToolbox\Toolboxes\Data Management Tools.tbx\CalculateField" Date="20111121" Time="130637">CalculateField NH_marshes_final_kn marshclass "Fringe 10-15" VB #</Process><Process ToolSource="C:\Program Files (x86)\ArcGIS\Desktop10.0\ArcToolbox\Toolboxes\Data Management Tools.tbx\CalculateField" Date="20111121" Time="130649">CalculateField NH_marshes_final_kn marshclass "Fringe 5-10" VB #</Process><Process ToolSource="C:\Program Files (x86)\ArcGIS\Desktop10.0\ArcToolbox\Toolboxes\Data Management Tools.tbx\CalculateField" Date="20111121" Time="130704">CalculateField NH_marshes_final_kn marshclass "Fringe &lt;5" VB #</Process><Process ToolSource="C:\Program Files (x86)\ArcGIS\Desktop10.0\ArcToolbox\Toolboxes\Data Management Tools.tbx\CalculateField" Date="20111121" Time="130923">CalculateField NH_marshes_final_kn marshclass "Fringe 10-15" VB #</Process><Process ToolSource="C:\Program Files (x86)\ArcGIS\Desktop10.0\ArcToolbox\Toolboxes\Data Management Tools.tbx\CalculateField" Date="20111121" Time="131113">CalculateField NH_marshes_final_kn marshclass "marsh island" VB #</Process><Process ToolSource="c:\program files (x86)\arcgis\desktop10.0\ArcToolbox\Toolboxes\Data Management Tools.tbx\Merge" Date="20111121" Time="132813">Merge NH_marshes_final_kn;NH_marshes_final_kn2;NH_marshes_final_sk;NH_marshes_final_sk2;NH_marshes_final_sk3 "N:\cci\portfolios\northampton_inv\Tidal marsh inventory\NH_marshes_final_Merged_SKKN.shp" "Id "Id" true true false 6 Long 0 6 ,First,#,NH_marshes_final_kn,Id,-1,-1,NH_marshes_final_kn2,Id,-1,-1,NH_marshes_final_sk,Id,-1,-1,NH_marshes_final_sk2,Id,-1,-1,NH_marshes_final_sk3,Id,-1,-1;Shape_Area "Shape_Area" true true false 13 Float 0 0 ,First,#,NH_marshes_final_kn,Shape_Area,-1,-1,NH_marshes_final_kn2,Shape_Area,-1,-1,NH_marshes_final_sk,Shape_Area,-1,-1,NH_marshes_final_sk2,Shape_Area,-1,-1,NH_marshes_final_sk3,Shape_Area,-1,-1;Tmi_no "Tmi_no" true true false 10 Double 0 10 ,First,#,NH_marshes_final_kn,Tmi_no,-1,-1,NH_marshes_final_kn2,Tmi_no,-1,-1,NH_marshes_final_sk,Tmi_no,-1,-1,NH_marshes_final_sk2,Tmi_no,-1,-1,NH_marshes_final_sk3,Tmi_no,-1,-1;MFIPS "MFIPS" true true false 10 Double 0 10 ,First,#,NH_marshes_final_kn,MFIPS,-1,-1,NH_marshes_final_kn2,MFIPS,-1,-1,NH_marshes_final_sk,MFIPS,-1,-1,NH_marshes_final_sk2,MFIPS,-1,-1,NH_marshes_final_sk3,MFIPS,-1,-1;Tmi_Type "Tmi_Type" true true false 5 Text 0 0 ,First,#,NH_marshes_final_kn,Tmi_Type,-1,-1,NH_marshes_final_kn2,Tmi_Type,-1,-1,NH_marshes_final_sk,Tmi_Type,-1,-1,NH_marshes_final_sk2,Tmi_Type,-1,-1,NH_marshes_final_sk3,Tmi_Type,-1,-1;Comments "Comments" true true false 50 Text 0 0 ,First,#,NH_marshes_final_kn,Comments,-1,-1,NH_marshes_final_kn2,Comments,-1,-1,NH_marshes_final_sk,Comments,-1,-1,NH_marshes_final_sk2,Comments,-1,-1,NH_marshes_final_sk3,Comments,-1,-1;Field "Field" true true false 5 Text 0 0 ,First,#,NH_marshes_final_kn,Field,-1,-1,NH_marshes_final_kn2,Field,-1,-1,NH_marshes_final_sk,Field,-1,-1,NH_marshes_final_sk2,Field,-1,-1,NH_marshes_final_sk3,Field,-1,-1;marshclass "marshclass" true true false 50 Text 0 0 ,First,#,NH_marshes_final_kn,marshclass,-1,-1,NH_marshes_final_kn2,marshclass,-1,-1,NH_marshes_final_sk,marshclass,-1,-1,NH_marshes_final_sk2,marshclass,-1,-1,NH_marshes_final_sk3,marshclass,-1,-1"</Process><Process ToolSource="C:\Program Files (x86)\ArcGIS\Desktop10.0\ArcToolbox\Toolboxes\Data Management Tools.tbx\CalculateField" Date="20111121" Time="133236">CalculateField NH_marshes_final_Merged_SKKN marshclass "Fringe &lt;5" VB #</Process><Process ToolSource="C:\Program Files (x86)\ArcGIS\Desktop10.0\ArcToolbox\Toolboxes\Data Management Tools.tbx\CalculateField" Date="20111121" Time="133843">CalculateField NH_marshes_final_Merged_SKKN marshclass "marsh island" VB #</Process><Process ToolSource="C:\Program Files (x86)\ArcGIS\Desktop10.0\ArcToolbox\Toolboxes\Data Management Tools.tbx\CalculateField" Date="20111121" Time="133914">CalculateField NH_marshes_final_Merged_SKKN marshclass "marsh island" VB #</Process><Process ToolSource="C:\Program Files (x86)\ArcGIS\Desktop10.0\ArcToolbox\Toolboxes\Data Management Tools.tbx\CalculateField" Date="20111121" Time="134213">CalculateField NH_marshes_final_Merged_SKKN marshclass "marsh island" VB #</Process><Process ToolSource="C:\Program Files (x86)\ArcGIS\Desktop10.0\ArcToolbox\Toolboxes\Data Management Tools.tbx\CalculateField" Date="20111121" Time="135555">CalculateField NH_marshes_final_Merged_SKKN marshclass "marsh island" VB #</Process><Process ToolSource="C:\Program Files (x86)\ArcGIS\Desktop10.0\ArcToolbox\Toolboxes\Data Management Tools.tbx\CalculateField" Date="20111121" Time="143426">CalculateField NH_marshes_final_Merged_SKKN marshclass "Fringe 10-15" VB #</Process><Process ToolSource="C:\Program Files (x86)\ArcGIS\Desktop10.0\ArcToolbox\Toolboxes\Data Management Tools.tbx\CalculateField" Date="20111121" Time="143522">CalculateField NH_marshes_final_Merged_SKKN marshclass "Fringe 5-10" VB #</Process><Process ToolSource="C:\Program Files (x86)\ArcGIS\Desktop10.0\ArcToolbox\Toolboxes\Data Management Tools.tbx\CalculateField" Date="20111121" Time="143643">CalculateField NH_marshes_final_Merged_SKKN marshclass "Fringe &lt;5" VB #</Process><Process ToolSource="C:\Program Files (x86)\ArcGIS\Desktop10.0\ArcToolbox\Toolboxes\Data Management Tools.tbx\CalculateField" Date="20111121" Time="143721">CalculateField NH_marshes_final_Merged_SKKN marshclass "Fringe &gt;15" VB #</Process><Process ToolSource="C:\Program Files (x86)\ArcGIS\Desktop10.0\ArcToolbox\Toolboxes\Data Management Tools.tbx\CalculateField" Date="20111122" Time="150139">CalculateField NH_marshes_final_Merged_SKKN marshclass "Fringe &lt;5" VB #</Process><Process ToolSource="C:\Program Files (x86)\ArcGIS\Desktop10.0\ArcToolbox\Toolboxes\Data Management Tools.tbx\CalculateField" Date="20111122" Time="150310">CalculateField NH_marshes_final_Merged_SKKN marshclass "Fringe 5-10" VB #</Process><Process ToolSource="C:\Program Files\ArcGIS\ArcToolbox\Toolboxes\Data Management Tools.tbx\Project" Date="20111129" Time="135420">Project NH_marshes_final_Merged_SKKN N:\cci\portfolios\northampton_portfolio\final_shapefiles\NH_marshes.shp PROJCS['NAD_1983_UTM_Zone_18N',GEOGCS['GCS_North_American_1983',DATUM['D_North_American_1983',SPHEROID['GRS_1980',6378137.0,298.257222101]],PRIMEM['Greenwich',0.0],UNIT['Degree',0.0174532925199433]],PROJECTION['Transverse_Mercator'],PARAMETER['False_Easting',500000.0],PARAMETER['False_Northing',0.0],PARAMETER['Central_Meridian',-75.0],PARAMETER['Scale_Factor',0.9996],PARAMETER['Latitude_Of_Origin',0.0],UNIT['Meter',1.0]] NAD_1983_HARN_To_NAD_1983_NSRS2007_1;NAD_1983_To_HARN_Virginia PROJCS['NAD_1983_NSRS2007_UTM_Zone_18N',GEOGCS['GCS_NAD_1983_NSRS2007',DATUM['D_NAD_1983_NSRS2007',SPHEROID['GRS_1980',6378137.0,298.257222101]],PRIMEM['Greenwich',0.0],UNIT['Degree',0.0174532925199433]],PROJECTION['Transverse_Mercator'],PARAMETER['False_Easting',500000.0],PARAMETER['False_Northing',0.0],PARAMETER['Central_Meridian',-75.0],PARAMETER['Scale_Factor',0.9996],PARAMETER['Latitude_Of_Origin',0.0],UNIT['Meter',1.0]]</Process><Process ToolSource="C:\Program Files (x86)\ArcGIS\Desktop10.0\ArcToolbox\Toolboxes\Data Management Tools.tbx\CalculateField" Date="20130110" Time="160621">CalculateField NH_marshes Id_old [Id] VB #</Process><Process ToolSource="C:\Program Files (x86)\ArcGIS\Desktop10.0\ArcToolbox\Toolboxes\Data Management Tools.tbx\CalculateField" Date="20130110" Time="160742">CalculateField NH_marshes Id_new [Id] VB #</Process><Process ToolSource="c:\program files (x86)\arcgis\desktop10.0\ArcToolbox\Toolboxes\Data Management Tools.tbx\JoinField" Date="20130110" Time="162713">JoinField NH_marshes Id nh_marsh_ident_temp Id Id_old;IDtemp</Process><Process ToolSource="C:\Program Files (x86)\ArcGIS\Desktop10.0\ArcToolbox\Toolboxes\Data Management Tools.tbx\CalculateField" Date="20130110" Time="162852">CalculateField NH_marshes Id_old [IDtemp] VB #</Process><Process ToolSource="C:\Program Files\ArcGIS\ArcToolbox\Toolboxes\Data Management Tools.tbx\JoinField" Date="20130211" Time="132334">JoinField NH_tm_2011 Id NorthamptonTMIDataTable TMI_id Field_Date;TMI_id;Location;Community;Phrag;PhragPcnt;Comments;Phrag2 NH_tm_2011</Process><Process ToolSource="C:\Program Files\ArcGIS\ArcToolbox\Toolboxes\Data Management Tools.tbx\DeleteField" Date="20130211" Time="132635">DeleteField NH_tm_2011 Field_Date;TMI_id;Location;Community;Phrag;PhragPcnt;Comments_1;Phrag2 NH_tm_2011</Process><Process ToolSource="C:\Program Files\ArcGIS\ArcToolbox\Toolboxes\Data Management Tools.tbx\JoinField" Date="20130211" Time="133941">JoinField NH_tm_2011 Id_new NorthamptonTMIDataTable TMI_id Field_Date;TMI_id;Location;Community;Phrag;PhragPcnt;Comments;Phrag2 NH_tm_2011</Process><Process ToolSource="C:\Program Files\ArcGIS\ArcToolbox\Toolboxes\Data Management Tools.tbx\JoinField" Date="20130211" Time="144021">JoinField NH_tm_2011 Id_old NorthamptonTMIDataTable TMI_id TMI_id;Community;Phrag;Comments;Phrag2 NH_tm_2011</Process><Process ToolSource="C:\Program Files\ArcGIS\ArcToolbox\Toolboxes\Data Management Tools.tbx\DeleteField" Date="20130211" Time="151618">DeleteField NH_tm_2011 TMI_id_1;Communit_1;Comments_2;Phrag2_1 NH_tm_2011</Process><Process ToolSource="C:\Program Files\ArcGIS\ArcToolbox\Toolboxes\Data Management Tools.tbx\DeleteField" Date="20130211" Time="151915">DeleteField NH_tm_2011 Phrag2;Phrag_1 NH_tm_2011</Process><Process ToolSource="C:\Program Files\ArcGIS\ArcToolbox\Toolboxes\Data Management Tools.tbx\JoinField" Date="20130212" Time="085356">JoinField NH_tm_2011 Community CommunityTypeTable Code CommunType;Dominant_Plant_Species NH_tm_2011</Process><Process ToolSource="c:\program files\arcgis\desktop10.1\ArcToolbox\Toolboxes\Data Management Tools.tbx\Append" Date="20130326" Time="101734">Append temp1 Northampton_tm_2011 NO_TEST "Id "Id" true false false 6 Long 0 6 ,First,#,N:\cci\Shoreline_Inventories\Tidal_Marsh_Inventories\Localities\Northampton_2011\Final_TM_data\temp1.shp,Id,-1,-1;Shape_Area "Shape_Area" true false false 13 Float 0 0 ,First,#,N:\cci\Shoreline_Inventories\Tidal_Marsh_Inventories\Localities\Northampton_2011\Final_TM_data\temp1.shp,Shape_Area,-1,-1;Tmi_no "Tmi_no" true false false 10 Double 0 10 ,First,#,N:\cci\Shoreline_Inventories\Tidal_Marsh_Inventories\Localities\Northampton_2011\Final_TM_data\temp1.shp,Tmi_no,-1,-1;MFIPS "MFIPS" true false false 10 Double 0 10 ,First,#,N:\cci\Shoreline_Inventories\Tidal_Marsh_Inventories\Localities\Northampton_2011\Final_TM_data\temp1.shp,MFIPS,-1,-1;Tmi_Type "Tmi_Type" true false false 5 Text 0 0 ,First,#,N:\cci\Shoreline_Inventories\Tidal_Marsh_Inventories\Localities\Northampton_2011\Final_TM_data\temp1.shp,Tmi_Type,-1,-1;Field "Field" true false false 5 Text 0 0 ,First,#,N:\cci\Shoreline_Inventories\Tidal_Marsh_Inventories\Localities\Northampton_2011\Final_TM_data\temp1.shp,Field,-1,-1;marshclass "marshclass" true false false 50 Text 0 0 ,First,#,N:\cci\Shoreline_Inventories\Tidal_Marsh_Inventories\Localities\Northampton_2011\Final_TM_data\temp1.shp,marshclass,-1,-1;acres "acres" true false false 13 Double 2 12 ,First,#,N:\cci\Shoreline_Inventories\Tidal_Marsh_Inventories\Localities\Northampton_2011\Final_TM_data\temp1.shp,acres,-1,-1;Id_old "Id_old" true false false 9 Long 0 9 ,First,#,N:\cci\Shoreline_Inventories\Tidal_Marsh_Inventories\Localities\Northampton_2011\Final_TM_data\temp1.shp,Id_old,-1,-1;Id_new "Id_new" true false false 9 Long 0 9 ,First,#,N:\cci\Shoreline_Inventories\Tidal_Marsh_Inventories\Localities\Northampton_2011\Final_TM_data\temp1.shp,Id_new,-1,-1;Field_Date "Field_Date" true false false 254 Text 0 0 ,First,#,N:\cci\Shoreline_Inventories\Tidal_Marsh_Inventories\Localities\Northampton_2011\Final_TM_data\temp1.shp,Field_Date,-1,-1;TMI_id "TMI_id" true false false 19 Double 0 0 ,First,#,N:\cci\Shoreline_Inventories\Tidal_Marsh_Inventories\Localities\Northampton_2011\Final_TM_data\temp1.shp,TMI_id,-1,-1;Location "Location" true false false 254 Text 0 0 ,First,#,N:\cci\Shoreline_Inventories\Tidal_Marsh_Inventories\Localities\Northampton_2011\Final_TM_data\temp1.shp,Location,-1,-1;Community "Community" true false false 254 Text 0 0 ,First,#,N:\cci\Shoreline_Inventories\Tidal_Marsh_Inventories\Localities\Northampton_2011\Final_TM_data\temp1.shp,Community,-1,-1;Phrag "Phrag" true false false 254 Text 0 0 ,First,#,N:\cci\Shoreline_Inventories\Tidal_Marsh_Inventories\Localities\Northampton_2011\Final_TM_data\temp1.shp,Phrag,-1,-1;PhragPcnt "PhragPcnt" true false false 254 Text 0 0 ,First,#,N:\cci\Shoreline_Inventories\Tidal_Marsh_Inventories\Localities\Northampton_2011\Final_TM_data\temp1.shp,PhragPcnt,-1,-1;Comments "Comments" true false false 254 Text 0 0 ,First,#,N:\cci\Shoreline_Inventories\Tidal_Marsh_Inventories\Localities\Northampton_2011\Final_TM_data\temp1.shp,Comments,-1,-1;CommunType "CommunType" true false false 254 Text 0 0 ,First,#,N:\cci\Shoreline_Inventories\Tidal_Marsh_Inventories\Localities\Northampton_2011\Final_TM_data\temp1.shp,CommunType,-1,-1;Dominant_P "Dominant_P" true false false 254 Text 0 0 ,First,#,N:\cci\Shoreline_Inventories\Tidal_Marsh_Inventories\Localities\Northampton_2011\Final_TM_data\temp1.shp,Dominant_P,-1,-1" #</Process><Process ToolSource="c:\program files\arcgis\desktop10.1\ArcToolbox\Toolboxes\Data Management Tools.tbx\CalculateField" Date="20130326" Time="112648">CalculateField Northampton_tm_2011 Location "Nassawadox Creek" VB #</Process><Process ToolSource="c:\program files\arcgis\desktop10.1\ArcToolbox\Toolboxes\Data Management Tools.tbx\CalculateField" Date="20130326" Time="113207">CalculateField Northampton_tm_2011 Field_Date "6/15/2011" VB #</Process><Process ToolSource="c:\program files\arcgis\desktop10.1\ArcToolbox\Toolboxes\Data Management Tools.tbx\CalculateField" Date="20130326" Time="113538">CalculateField Northampton_tm_2011 Field_Date "7/18/2011" VB #</Process><Process ToolSource="c:\program files\arcgis\desktop10.1\ArcToolbox\Toolboxes\Data Management Tools.tbx\CalculateField" Date="20130326" Time="113649">CalculateField Northampton_tm_2011 Location "Cape Charles Harbor" VB #</Process><Process ToolSource="c:\program files\arcgis\desktop10.1\ArcToolbox\Toolboxes\Data Management Tools.tbx\CalculateField" Date="20130326" Time="134116">CalculateField Northampton_tm_2011 Field "x" VB #</Process><Process ToolSource="c:\program files\arcgis\desktop10.1\ArcToolbox\Toolboxes\Data Management Tools.tbx\CalculateField" Date="20130326" Time="134216">CalculateField Northampton_tm_2011 Community "BW" VB #</Process><Process ToolSource="c:\program files\arcgis\desktop10.1\ArcToolbox\Toolboxes\Data Management Tools.tbx\CalculateField" Date="20130326" Time="134307">CalculateField Northampton_tm_2011 CommunType "Type XII – Brackish mix" VB #</Process><Process ToolSource="c:\program files\arcgis\desktop10.1\ArcToolbox\Toolboxes\Data Management Tools.tbx\CalculateField" Date="20130326" Time="134352">CalculateField Northampton_tm_2011 Dominant_P "no dominant species, all brackish" VB #</Process><Process ToolSource="c:\program files\arcgis\desktop10.1\ArcToolbox\Toolboxes\Data Management Tools.tbx\CalculateField" Date="20130326" Time="134708">CalculateField Northampton_tm_2011 Phrag "" VB #</Process><Process ToolSource="c:\program files\arcgis\desktop10.1\ArcToolbox\Toolboxes\Data Management Tools.tbx\CalculateField" Date="20130326" Time="134734">CalculateField Northampton_tm_2011 CommunType "" VB #</Process><Process ToolSource="c:\program files\arcgis\desktop10.1\ArcToolbox\Toolboxes\Data Management Tools.tbx\CalculateField" Date="20130326" Time="134742">CalculateField Northampton_tm_2011 Dominant_P "" VB #</Process><Process ToolSource="C:\Program Files\ArcGIS\ArcToolbox\Toolboxes\Data Management Tools.tbx\DeleteField" Date="20130326" Time="154533">DeleteField Northampton_tm_2011 Tmi_no;MFIPS;Tmi_Type Northampton_tm_2011</Process></lineage><copyHistory><copy source="N:\cci\Shoreline_Inventories\Tidal_Marsh_Inventories\Localities\Northampton_2011\Final_TM_data\NH_tm_2011_fixing_March2013" dest="\\139.70.26.251\ccrm\cci\Shoreline_Inventories\Tidal_Marsh_Inventories\Localities\Northampton_2011\Final_TM_data\NH_tm_2011_fixing_March2013Copy" date="20130326" time="08320800"></copy></copyHistory></DataProperties><SyncDate>20130326</SyncDate><SyncTime>15484700</SyncTime><ModDate>20130326</ModDate><ModTime>15484700</ModTime><ArcGISstyle>Item Description</ArcGISstyle></Esri><dataIdInfo><envirDesc Sync="TRUE">Microsoft Windows Vista Version 6.1 (Build 7601) Service Pack 1; ESRI ArcCatalog 9.3.1.3500</envirDesc><dataLang><languageCode value="eng" country="USA"></languageCode><countryCode value="US" Sync="TRUE"></countryCode></dataLang><idCitation><resTitle Sync="TRUE">Northampton_tm_2011</resTitle><presForm><PresFormCd value="005"></PresFormCd></presForm></idCitation><descKeys><thesaName uuidref="723f6998-058e-11dc-8314-0800200c9a66"></thesaName><keyword Sync="TRUE">002</keyword></descKeys><spatRpType><SpatRepTypCd value="001"></SpatRepTypCd></spatRpType><dataExt><geoEle><GeoBndBox esriExtentType="native"><westBL Sync="TRUE">409030.765352</westBL><eastBL Sync="TRUE">441737.400705</eastBL><northBL Sync="TRUE">4156818.836675</northBL><southBL Sync="TRUE">4104535.12905</southBL><exTypeCode Sync="TRUE">1</exTypeCode></GeoBndBox></geoEle></dataExt><geoBox esriExtentType="decdegrees"><westBL Sync="TRUE">-76.029906</westBL><eastBL Sync="TRUE">-75.655541</eastBL><northBL Sync="TRUE">37.556543</northBL><southBL Sync="TRUE">37.082687</southBL><exTypeCode Sync="TRUE">1</exTypeCode></geoBox><dataExt><geoEle><GeoBndBox esriExtentType="search"><exTypeCode Sync="TRUE">1</exTypeCode><westBL Sync="TRUE">-76.029906</westBL><eastBL Sync="TRUE">-75.655541</eastBL><northBL Sync="TRUE">37.556543</northBL><southBL Sync="TRUE">37.082687</southBL></GeoBndBox></geoEle></dataExt></dataIdInfo><mdLang><languageCode value="eng"></languageCode><countryCode value="US" Sync="TRUE"></countryCode></mdLang><mdChar><CharSetCd value="004"></CharSetCd></mdChar><distInfo><distFormat><formatName Sync="TRUE">Shapefile</formatName></distFormat><distTranOps><transSize Sync="TRUE">61.934</transSize></distTranOps><distributor><distorTran><onLineSrc><orDesc Sync="TRUE">002</orDesc><linkage Sync="TRUE">file://\\139.70.26.251\ccrm\cci\Shoreline_Inventories\Tidal_Marsh_Inventories\Localities\Northampton_2011\Final_TM_data\Northampton_tm_2011.shp</linkage><protocol Sync="TRUE">Local Area Network</protocol></onLineSrc><transSize Sync="TRUE">61.934</transSize></distorTran><distorFormat><formatName Sync="TRUE">Shapefile</formatName></distorFormat></distributor></distInfo><mdHrLv><ScopeCd value="005"></ScopeCd></mdHrLv><mdHrLvName Sync="TRUE">dataset</mdHrLvName><refSysInfo><RefSystem><refSysID><identCode code="3725"></identCode><idCodeSpace Sync="TRUE">EPSG</idCodeSpace><idVersion Sync="TRUE">7.4.1</idVersion></refSysID></RefSystem></refSysInfo><spdoinfo><direct Sync="TRUE">Vector</direct><ptvctinf><esriterm Name="Northampton_tm_2011"><efeatyp Sync="TRUE">Simple</efeatyp><efeageom code="4" Sync="TRUE">Polygon</efeageom><esritopo Sync="TRUE">FALSE</esritopo><efeacnt Sync="TRUE">3395</efeacnt><spindex Sync="TRUE">FALSE</spindex><linrefer Sync="TRUE">FALSE</linrefer></esriterm><sdtsterm Name="Northampton_tm_2011"><sdtstype Sync="TRUE">G-polygon</sdtstype><ptvctcnt Sync="TRUE">3395</ptvctcnt></sdtsterm></ptvctinf></spdoinfo><spatRepInfo><VectSpatRep><topLvl><TopoLevCd value="001" Sync="TRUE"></TopoLevCd></topLvl><geometObjs Name="Northampton_tm_2011"><geoObjTyp><GeoObjTypCd Sync="TRUE" value="001"></GeoObjTypCd></geoObjTyp><geoObjCnt Sync="TRUE">3395</geoObjCnt></geometObjs></VectSpatRep></spatRepInfo><eainfo><detailed Name="Northampton_tm_2011"><enttyp><enttypl Sync="TRUE">Northampton_tm_2011</enttypl><enttypt Sync="TRUE">Feature Class</enttypt><enttypc Sync="TRUE">3395</enttypc></enttyp><attr><attrlabl Sync="TRUE">FID</attrlabl><attalias Sync="TRUE">FID</attalias><attrtype Sync="TRUE">OID</attrtype><attwidth Sync="TRUE">4</attwidth><atprecis Sync="TRUE">0</atprecis><attscale Sync="TRUE">0</attscale><attrdef Sync="TRUE">Internal feature number.</attrdef><attrdefs Sync="TRUE">ESRI</attrdefs><attrdomv><udom Sync="TRUE">Sequential unique whole numbers that are automatically generated.</udom></attrdomv></attr><attr><attrlabl Sync="TRUE">Shape</attrlabl><attalias Sync="TRUE">Shape</attalias><attrtype Sync="TRUE">Geometry</attrtype><attwidth Sync="TRUE">0</attwidth><atprecis Sync="TRUE">0</atprecis><attscale Sync="TRUE">0</attscale><attrdef Sync="TRUE">Feature geometry.</attrdef><attrdefs Sync="TRUE">ESRI</attrdefs><attrdomv><udom Sync="TRUE">Coordinates defining the features.</udom></attrdomv></attr><attr><attrlabl Sync="TRUE">Id</attrlabl><attalias Sync="TRUE">Id</attalias><attrtype Sync="TRUE">Number</attrtype><attwidth Sync="TRUE">6</attwidth></attr><attr><attrlabl Sync="TRUE">Shape_Area</attrlabl><attalias Sync="TRUE">Shape_Area</attalias><attrtype Sync="TRUE">Float</attrtype><attwidth Sync="TRUE">13</attwidth><attrdef Sync="TRUE">Area of feature in internal units squared.</attrdef><attrdefs Sync="TRUE">ESRI</attrdefs><attrdomv><udom Sync="TRUE">Positive real numbers that are automatically generated.</udom></attrdomv><atnumdec Sync="TRUE">11</atnumdec></attr><attr><attrlabl Sync="TRUE">Comments</attrlabl><attalias Sync="TRUE">Comments</attalias><attrtype Sync="TRUE">String</attrtype><attwidth Sync="TRUE">254</attwidth></attr><attr><attrlabl Sync="TRUE">Field</attrlabl><attalias Sync="TRUE">Field</attalias><attrtype Sync="TRUE">String</attrtype><attwidth Sync="TRUE">5</attwidth><attrdef>field checked</attrdef></attr><attr><attrlabl Sync="TRUE">marshclass</attrlabl><attalias Sync="TRUE">marshclass</attalias><attrtype Sync="TRUE">String</attrtype><attwidth Sync="TRUE">50</attwidth><attrdefs>Plant community type: I = Saltmarsh Cordgrass/low marsh,II = Saltmeadow/high marsh, III = Black Needlerush, IV = Saltbush, V = Big Cordgrass, V! = Cattail, VII = Arrow Arum, VIII = Reedgrass, IX = Yellow Pond Lily, X = Saltwort, XI = Freshwater mix, XII = Brackish mix</attrdefs></attr><attr><attrlabl Sync="TRUE">acres</attrlabl><attalias Sync="TRUE">acres</attalias><attrtype Sync="TRUE">Number</attrtype><attwidth Sync="TRUE">13</attwidth><atnumdec Sync="TRUE">2</atnumdec></attr><attr><attrlabl Sync="TRUE">Id_old</attrlabl><attalias Sync="TRUE">Id_old</attalias><attrtype Sync="TRUE">Number</attrtype><attwidth Sync="TRUE">9</attwidth></attr><attr><attrlabl Sync="TRUE">Field_Date</attrlabl><attalias Sync="TRUE">Field_Date</attalias><attrtype Sync="TRUE">String</attrtype><attwidth Sync="TRUE">254</attwidth><attrdef>date of field survey</attrdef></attr><attr><attrlabl Sync="TRUE">TMI_id</attrlabl><attalias Sync="TRUE">TMI_id</attalias><attrtype Sync="TRUE">Float</attrtype><attwidth Sync="TRUE">19</attwidth><attrdef>tidal marsh id</attrdef><atnumdec Sync="TRUE">11</atnumdec></attr><attr><attrlabl Sync="TRUE">Location</attrlabl><attalias Sync="TRUE">Location</attalias><attrtype Sync="TRUE">String</attrtype><attwidth Sync="TRUE">254</attwidth></attr><attr><attrlabl Sync="TRUE">Community</attrlabl><attalias Sync="TRUE">Community</attalias><attrtype Sync="TRUE">String</attrtype><attwidth Sync="TRUE">254</attwidth><attrdef>community type abbreviation</attrdef></attr><attr><attrlabl Sync="TRUE">Phrag</attrlabl><attalias Sync="TRUE">Phrag</attalias><attrtype Sync="TRUE">String</attrtype><attwidth Sync="TRUE">254</attwidth><attrdef>phragmites present</attrdef></attr><attr><attrlabl Sync="TRUE">Id_new</attrlabl><attalias Sync="TRUE">Id_new</attalias><attrtype Sync="TRUE">Number</attrtype><attwidth Sync="TRUE">9</attwidth></attr><attr><attrlabl Sync="TRUE">CommunType</attrlabl><attalias Sync="TRUE">CommunType</attalias><attrtype Sync="TRUE">String</attrtype><attwidth Sync="TRUE">254</attwidth><attrdef>Comunity type definition</attrdef></attr><attr><attrlabl Sync="TRUE">Dominant_P</attrlabl><attalias Sync="TRUE">Dominant_P</attalias><attrtype Sync="TRUE">String</attrtype><attwidth Sync="TRUE">254</attwidth><attrdef>dominant plant species</attrdef></attr></detailed></eainfo><mdDateSt Sync="TRUE">20130326</mdDateSt><idinfo><native Sync="TRUE">Microsoft Windows Vista Version 6.1 (Build 7601) Service Pack 1; ESRI ArcCatalog 9.3.1.3500</native><descript><langdata Sync="TRUE">en</langdata><abstract>The Virignia Institute of Marine Science published the first Tidal marsh Inventories for Northampton County in 1977.   Using high resolution color infra-red imagery from 2009 a new Tidal Marsh Inventory has been developed.  2011.  Marsh boundaries were generated using heads-up digitizing techniques at a scale of 1:1,000.  Each marsh polygon was classified by morphologic type: fringe, extensive, embayed, or marsh island.  Marshes were ground-truthed in the field where a community type index was assigned to each marsh based on plant community make-up.  Each marsh was also coded with a marsh number which corresponds to the original 1977 delineation.  This will provide an opportunity to review changes that have occurred in the marshes over time. </abstract><purpose>To maintain and update an inventory of the distribution of tidal marshes for the Commonwealth f Virginia.</purpose><supplinf>Imagery used to generate the tidal marsh boundaries is a product of the Virginia Base Mapping Program of the Virginia Information Technology Agency.</supplinf></descript><citation><citeinfo><title>Northampton County Tidal Marsh Inventory</title><ftname Sync="TRUE">Northampton_tm_2011</ftname><geoform Sync="TRUE">vector digital data</geoform><onlink>http://ccrm.vims.edu/gis_data_maps/static_maps/gis/tmi_updated.html</onlink><origin>Comprehensive coastal Inventory Program </origin><pubdate>2011</pubdate></citeinfo></citation><natvform Sync="TRUE">Shapefile</natvform><spdom><lboundng><leftbc Sync="TRUE">409030.765352</leftbc><rightbc Sync="TRUE">441737.400705</rightbc><bottombc Sync="TRUE">4104535.129050</bottombc><topbc Sync="TRUE">4156818.836675</topbc></lboundng><bounding><westbc Sync="TRUE">-76.029906</westbc><eastbc Sync="TRUE">-75.655541</eastbc><northbc Sync="TRUE">37.556543</northbc><southbc Sync="TRUE">37.082687</southbc></bounding></spdom><ptcontac><cntinfo><cntperp><cntper>Marcia Berman</cntper><cntorg>Virginia Institute of Marine Science </cntorg></cntperp><cntpos>Director of Comprehensive Coastal Inventory Program</cntpos><cntaddr><addrtype>mailing and physical address</addrtype><address>P.O.Box 1346 Greate Road</address><city>Gloucester Point</city><state>VA</state><postal>23062</postal><country>USA</country></cntaddr><cntvoice>804-684-7188</cntvoice><cntfax>804-684-7179</cntfax><cntemail>marcia@vims.edu</cntemail></cntinfo></ptcontac><timeperd><timeinfo><mdattim><sngdate><caldate>5-31-11</caldate></sngdate><sngdate><caldate>6-1-11</caldate></sngdate><sngdate><caldate>6-2-11</caldate></sngdate><sngdate><caldate>6-3-11</caldate></sngdate><sngdate><caldate>6-13-11</caldate></sngdate><sngdate><caldate>6-14-11</caldate></sngdate><sngdate><caldate>6-15-11</caldate></sngdate><sngdate><caldate>7-6-11</caldate></sngdate><sngdate><caldate>7-15-11</caldate></sngdate><sngdate><caldate>7-18-11</caldate></sngdate><sngdate><caldate>7-19-11</caldate></sngdate><sngdate><caldate>7-20-11</caldate></sngdate><sngdate><caldate>7-28-11</caldate></sngdate><sngdate><caldate>8-15-11</caldate></sngdate></mdattim></timeinfo><current>ground condition</current></timeperd><accconst>None</accconst><useconst>The boundaries should not be used for jurisdictional determineations</useconst><datacred>Center for Coastal Resources Management, Virginia Institute of Marine Science, College of William and Mary</datacred><keywords><theme><themekey>Tidal Marsh Inventory</themekey><themekey>Marsh Community Type</themekey></theme><place><placekey>Chesapeake Bay</placekey><placekey>Cherrystone Inlet</placekey><placekey>Fishermans Island</placekey><placekey>Hungars Creek</placekey><placekey>Oceanside Islands</placekey><placekey>Kings Creek</placekey><placekey>Machipongo River</placekey><placekey>Mattawoman Creek</placekey><placekey>Nassawaddox Creek</placekey><placekey>Occohannock Creek</placekey><placekey>Oceanside Mainland</placekey><placekey>Old Plantation Creek</placekey><placekey>The Gulf</placekey></place></keywords></idinfo><metainfo><langmeta Sync="TRUE">en</langmeta><metstdn Sync="TRUE">FGDC Content Standards for Digital Geospatial Metadata</metstdn><metstdv Sync="TRUE">FGDC-STD-001-1998</metstdv><mettc Sync="TRUE">local time</mettc><metd Sync="TRUE">20130326</metd><metc><cntinfo><cntperp><cntper>Sharon Killeen</cntper><cntorg>Comprehensive Coastal Inventory </cntorg></cntperp><cntpos>GIS Programmer/Analyst </cntpos><cntaddr><addrtype>mailing and physical address</addrtype><address>P.O.Box 1346 Greate Road</address><city>Gloucester Point</city><state>VA</state><postal>23062</postal><country>USA</country></cntaddr><cntvoice>804-684-7534</cntvoice><cntfax>804-684-7179</cntfax><cntemail>sharon@vims.edu</cntemail></cntinfo></metc><metextns><onlink Sync="TRUE">http://www.esri.com/metadata/esriprof80.html</onlink><metprof Sync="TRUE">ESRI Metadata Profile</metprof></metextns></metainfo><mdStanName Sync="TRUE">ISO 19115 Geographic Information - Metadata</mdStanName><mdStanVer Sync="TRUE">DIS_ESRI1.0</mdStanVer><distinfo><resdesc Sync="TRUE">Downloadable Data</resdesc><stdorder><digform><digtinfo><transize Sync="TRUE">61.934</transize><dssize Sync="TRUE">61.934</dssize></digtinfo></digform></stdorder></distinfo><spref><horizsys><cordsysn><geogcsn Sync="TRUE">GCS_North_American_1983</geogcsn><projcsn Sync="TRUE">NAD_1983_UTM_Zone_18N</projcsn></cordsysn><planar><planci><plance Sync="TRUE">coordinate pair</plance><plandu Sync="TRUE">meters</plandu><coordrep><absres Sync="TRUE">0.000000</absres><ordres Sync="TRUE">0.000000</ordres></coordrep></planci><gridsys><gridsysn Sync="TRUE">Universal Transverse Mercator</gridsysn><utm><utmzone Sync="TRUE">18</utmzone><transmer><sfctrmer Sync="TRUE">0.999600</sfctrmer><longcm Sync="TRUE">-75.000000</longcm><latprjo Sync="TRUE">0.000000</latprjo><feast Sync="TRUE">500000.000000</feast><fnorth Sync="TRUE">0.000000</fnorth></transmer></utm></gridsys></planar><geodetic><horizdn Sync="TRUE">North American Datum of 1983</horizdn><ellips Sync="TRUE">Geodetic Reference System 80</ellips><semiaxis Sync="TRUE">6378137.000000</semiaxis><denflat Sync="TRUE">298.257222</denflat></geodetic></horizsys></spref><dataqual><lineage><procstep><procdesc>The 2011 TMI (Tidal Marsh Inventory) shapefile was created by visual photo interpretation and heads up digitizing of recent (2009) high resolution (6") infrared aerial photography at a scale of 1:1000.  This scale was picked as a compromise between taking full advantage of the resolution and time constraints.  Marsh information from previous shoreline surveys was used, particularly in identifying narrow fringe marshes.  The latest NWI was also used.  This delineation was completed prior to the fieldwork and then corrected as noted in the field.</procdesc></procstep><srcinfo><srccite><citeinfo><origin>Virginia Geographic Information Network (VGIN) </origin><title>Virginia Base Mapping Program (VBMP) 2009 </title><pubinfo><pubplace>Richmond, Virginia </pubplace><publish>Virginia Geographic Information Network (VGIN) </publish></pubinfo></citeinfo></srccite></srcinfo><procstep><procdesc>Wetlands Advisory Group (WAG) scientists with experience identifying tidal wetland plant species are responsible for TMI field data collection.  During boat surveys, observations of tidal marshes visible along the shoreline from a boat are made using binoculars.  The WAG scientist compares observed tidal marshes with the digitized polygons on the aerial photographs.  

Field data sheets are used to record all of the mapped marsh polygons that are ground trothed as tidal marshes.  New Marshes that are not delineated as numbered polygons are drawn onto the aerial photos using legible ink for future digitizing.  Each New Marsh is assigned a unique New Marsh ID number using pre-established sequences for each scientist.  Previously digitized polygons that are determined through observation to be "Not Marsh" are recorded for future deletion with notes to document what the actual condition is.  

All observed tidal wetland plant species within each Marsh and New Marsh polygon are recorded on the field data sheets.  The relative cover of each species is indicated by dominance (&gt;50%), trace (&lt;1%), or just a presence between 1-49% cover recorded.  Tidal wetland field guides are used to assist with plant identification when necessary and photographs of unknown species are taken.  Unknown plant species may be collected, labeled and returned to the lab for immediate identification using standard wetland plant identification keys.  The general wetland community type code is also recorded based on species dominance using a pre-established list .    

Field data is then entered into a project-specific attribute table for easy assimilation into a geo-referenced database.  Quality assurance checks after data entry include looking for and fixing duplicate polygon numbers, deleting all Not Marsh polygons, correcting inconsistent community codes, and verifying that the field surveyed marsh polygons in the final maps have the correct, corresponding field data.
</procdesc></procstep><procstep><procdesc>Maps that have been verified in the field are checked in the lab for any discrepancies. Any changes to or new marshes are added at this stage. Marsh polygons are also coded for field verification.
</procdesc></procstep><procstep><proccont><cntinfo><cntperp><cntper>Sharon Killeen</cntper><cntorg>Comprehensive Coastal Inventory, Virginia Institute of Marine Science </cntorg></cntperp><cntpos>GIS Programmer/Analyst </cntpos><cntaddr><addrtype>mailing and physical address</addrtype><address>P.O.Box 1346 Greate Road</address><city>Gloucester Point </city><state>Virginia</state><postal>23062</postal><country>USA</country></cntaddr><cntvoice>804-684-7534</cntvoice><cntfax>804-684-7179</cntfax><cntemail>sharon@vims.edu</cntemail></cntinfo></proccont><procdesc>Community type, phragmites presence and comments are extracted from the marsh excel spreadsheet and joined (ArcMap command Join Field) to the tidal marsh shapefile using the marsh id as the common attribute.  Plant community type: I = Saltmarsh Cordgrass/low marsh,II = Saltmeadow/high marsh, III = Black Needlerush, IV = Saltbush, V = Big Cordgrass, V! = Cattail, VII = Arrow Arum, VIII = Reedgrass, IX = Yellow Pond Lily, X = Saltwort, XI = Freshwater mix, XII = Brackish mix

</procdesc></procstep><procstep><procdesc Sync="TRUE">Dataset copied.</procdesc><srcused Sync="TRUE">N:\cci\Shoreline_Inventories\Tidal_Marsh_Inventories\Localities\Northampton_2011\Final_TM_data\NH_tm_2011</srcused><procdate Sync="TRUE">20130313</procdate><proctime Sync="TRUE">14431100</proctime></procstep><procstep><procdesc Sync="TRUE">Dataset copied.</procdesc><srcused Sync="TRUE">C:\myworkspace\Northampton\tm\NH_tm_2011_fixing_Marsh2013</srcused><procdate Sync="TRUE">20130314</procdate><proctime Sync="TRUE">08481300</proctime></procstep></lineage><complete>All shoreline for Northampton County that has a minimum depth of 2 feet at mean low water was surveyed.   Some shorelines are coded remotely if access was restricted due to depth at time of survey.  Upper reaches of creeks were often coded remotely.
</complete></dataqual></metadata>
