<?xml version="1.0" encoding="ISO-8859-1"?>
<metadata>
	<idinfo>
		<citation>
			<citeinfo>
				<origin>
Comprehensive Coastal Inventory, VIMS, College of
William and Mary
</origin>
				<pubdate>1974-1988</pubdate>
				<title Sync="TRUE">tmiall83</title>
				<pubinfo>
					<pubplace>Gloucester Point, VA</pubplace>
					<publish>Virginia Institute of Marine Science</publish>
				</pubinfo>
				<ftname Sync="TRUE">tmiall83</ftname><geoform Sync="TRUE">vector digital data</geoform><onlink Sync="TRUE">\\ET1275\C$\myworkspace\temp\tmiall83.shp</onlink></citeinfo>
		</citation>
		<descript>
			<abstract>
The Tidal Marsh Inventory (TMI) data are the digitized record
of the VIMS Tidal Marsh Inventories developed by the Wetlands Research
Program at the Virginia Institute of Marine Science (VIMS).  Tidal
wetlands were inventoried as mandated by Section 62.1-13.4 of the
Virginia Wetlands Act of 1972.  This effort began in 1972 and
continued through the mid 1980's. The conversion to digital format
was complete in 1992. No revisions to the data have occurred since
the original data collection.
</abstract>
			<purpose>
The TMI data can be used for monitoring changes in wetland
resources, identifying environmentally sensitive areas for planning
and landuse purposes, and to assist agencies regulating encroachment
into tidal wetlands.
</purpose>
			<supplinf>
Tidal wetlands data were collected through site visits to all tidal
marshes in Virginia using aerial photography for assistance.  The
geographic boundaries of tidal marshes were digitized from
stable-based mylar, USGS 7.5 minute topographic quadrangle maps
(scale = 1:24000).  Aerial photography was used to correct for
obvious discrepancies in the boundaries observed. The community
structure and composition was described through site visits
to all tidal marshes in the Tidewater region of Virginia. Digitized
marsh polygons are coded for marsh or community type, marsh number,
and county location. Community type is defined in accordance with
criteria outlined in the WETLANDS GUIDELINES published by the VMRC
in 1993. Marsh number refers to the catalogue number assigned to a
specific polygon in the corresponding hardcopy publication. The
Federal Information Processing System (FIPS) codes are used for
"county" locator.
</supplinf>
			<langdata Sync="TRUE">en</langdata></descript>
		<timeperd>
			<timeinfo>
				<rngdates>
					<begdate>1974</begdate>
					<enddate>1988</enddate>
				</rngdates>
				<sngdate><caldate>REQUIRED: The year (and optionally month, or month and day) for which the data set corresponds to the ground.</caldate></sngdate></timeinfo>
			<current>Publication date of sources</current>
		</timeperd>
		<status>
			<progress>Complete</progress>
			<update>none</update>
		</status>
		<spdom>
			<bounding>
				<westbc Sync="TRUE">-77.485254</westbc>
				<eastbc Sync="TRUE">-75.244898</eastbc>
				<northbc Sync="TRUE">38.912135</northbc>
				<southbc Sync="TRUE">36.529309</southbc>
			</bounding>
			<lboundng><leftbc Sync="TRUE">284437.968750</leftbc><rightbc Sync="TRUE">478083.093750</rightbc><bottombc Sync="TRUE">4045356.000000</bottombc><topbc Sync="TRUE">4307056.500000</topbc></lboundng></spdom>
		<keywords>
			<theme>
				<themekt>none</themekt>
				<themekey>Tidal Marsh Inventory</themekey>
				<themekey>TMI</themekey>
			</theme>
			<place>
				<placekt>none</placekt>
				<placekey>Tidewater Virginia</placekey>
			</place>
		</keywords>
		<accconst>none</accconst>
		<useconst>
Not for use in determining jurisdictional boundaries for regulatory
purposes.
</useconst>
		<ptcontac>
			<cntinfo>
				<cntperp>
					<cntper>Marcia Berman</cntper>
					<cntorg>Virginia Institute of Marine Science (VIMS)</cntorg>
				</cntperp>
				<cntpos>Director of Comphrehensive Coastal Inventory Program</cntpos>
				<cntaddr>
					<addrtype>mailing address</addrtype>
					<address>P.O. Box 1346</address>
					<city>Gloucester Point</city>
					<state>Virginia</state>
					<postal>23062</postal>
					<country>USA</country>
				</cntaddr>
				<cntvoice>(804) 684-7188</cntvoice>
				<cntfax>(804) 684-7182</cntfax>
				<cntemail>marcia@vims.edu</cntemail>
			</cntinfo>
		</ptcontac>
		<native Sync="TRUE">Microsoft Windows Vista Version 6.1 (Build 7601) Service Pack 1; ESRI ArcCatalog 9.3.1.3000</native>
		<natvform Sync="TRUE">Shapefile</natvform></idinfo>
	<dataqual>
		<attracc>
			<attraccr>
Digitized boundaries and codes are plotted to scale and overlaid
onto original map medium to check for accuracy. Coding is checked
by the supervisor or senior staff against the digitized record.
A minimum of two checks have been performed for each topographic
quadrangle.
</attraccr>
		</attracc>
		<logic>
Polygon topology present. All dangling arcs
were removed.
</logic>
		<complete>
All polygons are labeled with a FIPS code. Many marshes smaller than
one quarter acre (usually narrow fringing marshes) do not have a
type label or a marsh number.
</complete>
		<posacc>
			<horizpa>
				<horizpar>
Digital boundaries of the tidal marshes were plotted at
1:24000 scale and overlayed on USGS 7.5' mylar topographic
maps.
</horizpar>
			</horizpa>
		</posacc>
		<lineage>
			<srcinfo>
				<srccite>
					<citeinfo>
						<origin>
Dept. of Wetlands Ecology, VIMS, College of William
and Mary
</origin>
						<pubdate>1974-1988</pubdate>
						<title>
Tidal Marsh Inventories Special Report in Applied Marine
Science and Ocean Engineering
</title>
						<geoform>map</geoform>
						<serinfo>
							<sername>by Tidewater locality</sername>
							<issue>by Tidewater locality</issue>
						</serinfo>
						<pubinfo>
							<pubplace>Gloucester Point, VA</pubplace>
							<publish>Virginia Institute of Marine Science</publish>
						</pubinfo>
					</citeinfo>
				</srccite>
				<srcscale>24000</srcscale>
				<typesrc>stable-base material</typesrc>
				<srctime>
					<timeinfo>
						<rngdates>
							<begdate>1974</begdate>
							<enddate>1988</enddate>
						</rngdates>
					</timeinfo>
					<srccurr>publication date</srccurr>
				</srctime>
				<srccitea>none</srccitea>
				<srccontr>spatial and attribute information</srccontr>
			</srcinfo>
			<procstep>
				<procdesc>
Stable-based topographic maps were registered to geographic
coordinates, marsh boundaries were digitzed and polygons labeled.
Arcedit weed tolerance was set to 0.001, nodesnap and snapping
closest were set to 10 meters. The coverages were cleaned with
a fuzzy tolerance of .001 inches (1 m in UTM). Accurracy was
checked by overlaying a check plot onto the original base map.
The completed quadrangles were then appended, the quad
boundaries removed, and edgematch problems resolved.
</procdesc>
				<procdate>1996</procdate>
			</procstep>
			<procstep><procdesc Sync="TRUE">Metadata imported.</procdesc><srcused Sync="TRUE">C:\Users\tamia\AppData\Local\Temp\xmlF065.tmp</srcused><procdate Sync="TRUE">20120118</procdate><proctime Sync="TRUE">13294200</proctime></procstep></lineage>
	</dataqual>
	<spdoinfo>
		<direct Sync="TRUE">Vector</direct>
		<ptvctinf>
			<sdtsterm Name="tmiall83">
				<sdtstype Sync="TRUE">G-polygon</sdtstype>
				<ptvctcnt Sync="TRUE">18628</ptvctcnt>
			</sdtsterm>
			<sdtsterm>
				<sdtstype>String</sdtstype>
				<ptvctcnt>43400</ptvctcnt>
			</sdtsterm>
			<sdtsterm>
				<sdtstype>GT-polygon composed of chains</sdtstype>
				<ptvctcnt>18629</ptvctcnt>
			</sdtsterm>
			<esriterm Name="tmiall83"><efeatyp Sync="TRUE">Simple</efeatyp><efeageom Sync="TRUE">Polygon</efeageom><esritopo Sync="TRUE">FALSE</esritopo><efeacnt Sync="TRUE">18628</efeacnt><spindex Sync="TRUE">FALSE</spindex><linrefer Sync="TRUE">FALSE</linrefer></esriterm></ptvctinf>
	</spdoinfo>
	<spref>
		<horizsys>
			<planar>
				<planci>
					<plance Sync="TRUE">coordinate pair</plance>
					<coordrep>
						<absres Sync="TRUE">0.000000</absres>
						<ordres Sync="TRUE">0.000000</ordres>
					</coordrep>
					<plandu Sync="TRUE">meters</plandu>
				</planci>
				<gridsys><gridsysn Sync="TRUE">Universal Transverse Mercator</gridsysn><utm><utmzone Sync="TRUE">18</utmzone><transmer><sfctrmer Sync="TRUE">0.999600</sfctrmer><longcm Sync="TRUE">-75.000000</longcm><latprjo Sync="TRUE">0.000000</latprjo><feast Sync="TRUE">500000.000000</feast><fnorth Sync="TRUE">0.000000</fnorth></transmer></utm></gridsys></planar>
			<geodetic>
				<horizdn Sync="TRUE">North American Datum of 1983</horizdn>
				<ellips Sync="TRUE">Geodetic Reference System 80</ellips>
				<semiaxis Sync="TRUE">6378137.000000</semiaxis>
				<denflat Sync="TRUE">298.257222</denflat>
			</geodetic>
			<cordsysn><geogcsn Sync="TRUE">GCS_North_American_1983</geogcsn><projcsn Sync="TRUE">NAD_1983_UTM_Zone_18N</projcsn></cordsysn></horizsys>
	</spref>
	<eainfo>
		<detailed Name="tmiall83">
			<enttyp>
				<enttypl Sync="TRUE">tmiall83</enttypl>
				<enttypd>Polygons representing a tidal marsh</enttypd>
				<enttypds>Inhouse inventory and FIPS codes</enttypds>
				<enttypt Sync="TRUE">Feature Class</enttypt><enttypc Sync="TRUE">18628</enttypc></enttyp>
			<attr><attrlabl Sync="TRUE">FID</attrlabl><attalias Sync="TRUE">FID</attalias><attrtype Sync="TRUE">OID</attrtype><attwidth Sync="TRUE">4</attwidth><atprecis Sync="TRUE">0</atprecis><attscale Sync="TRUE">0</attscale><attrdef Sync="TRUE">Internal feature number.</attrdef><attrdefs Sync="TRUE">ESRI</attrdefs><attrdomv><udom Sync="TRUE">Sequential unique whole numbers that are automatically generated.</udom></attrdomv></attr><attr><attrlabl Sync="TRUE">Shape</attrlabl><attalias Sync="TRUE">Shape</attalias><attrtype Sync="TRUE">Geometry</attrtype><attwidth Sync="TRUE">0</attwidth><atprecis Sync="TRUE">0</atprecis><attscale Sync="TRUE">0</attscale><attrdef Sync="TRUE">Feature geometry.</attrdef><attrdefs Sync="TRUE">ESRI</attrdefs><attrdomv><udom Sync="TRUE">Coordinates defining the features.</udom></attrdomv></attr><attr>
				<attrlabl>AREA</attrlabl>
				<attrdef>Area of poly/region in square coverage units</attrdef>
				<attrdefs>ArcInfo Computed</attrdefs>
				<attrdomv>
					<rdom>
						<rdommin>0</rdommin>
						<rdommax>99999999.999</rdommax>
						<attrunit>meters</attrunit>
					</rdom>
				</attrdomv>
				<attalias Sync="TRUE">AREA</attalias><attrtype Sync="TRUE">Number</attrtype><attwidth Sync="TRUE">12</attwidth><atnumdec Sync="TRUE">3</atnumdec></attr>
			<attr>
				<attrlabl>PERIMETER</attrlabl>
				<attrdef>Perimeter of poly/region in coverage units</attrdef>
				<attrdefs>ArcInfo Computed</attrdefs>
				<attrdomv>
					<rdom>
						<rdommin>0</rdommin>
						<rdommax>99999999.999</rdommax>
						<attrunit>meters</attrunit>
					</rdom>
				</attrdomv>
				<attalias Sync="TRUE">PERIMETER</attalias><attrtype Sync="TRUE">Number</attrtype><attwidth Sync="TRUE">12</attwidth><atnumdec Sync="TRUE">3</atnumdec></attr>
			<attr><attrlabl Sync="TRUE">TMIALL83_</attrlabl><attalias Sync="TRUE">TMIALL83_</attalias><attrtype Sync="TRUE">Number</attrtype><attwidth Sync="TRUE">11</attwidth></attr><attr><attrlabl Sync="TRUE">TMIALL83_I</attrlabl><attalias Sync="TRUE">TMIALL83_I</attalias><attrtype Sync="TRUE">Number</attrtype><attwidth Sync="TRUE">11</attwidth></attr><attr>
				<attrlabl>MFIPS</attrlabl>
				<attrdef>FIPS code/VIMS marsh number</attrdef>
				<attrdefs>Federal Government/VIMS</attrdefs>
				<attrdomv>
					<edom>
						<edomv>1</edomv>
						<edomvd>Water</edomvd>
						<edomvds>
Tidal Marsh Inventories Special Report in Applied Marine
Science and Ocean Engineering, Virginia Institute of Marine
Science
</edomvds>
					</edom>
				</attrdomv>
				<attrdomv>
					<edom>
						<edomv>2</edomv>
						<edomvd>Land</edomvd>
						<edomvds>
Tidal Marsh Inventories Special Report in Applied Marine
Science and Ocean Engineering, Virginia Institute of Marine
Science
</edomvds>
					</edom>
				</attrdomv>
				<attrdomv>
					<edom>
						<edomv>xxxx</edomv>
						<edomvd>marsh number</edomvd>
						<edomvds>
Tidal Marsh Inventories Special Report in Applied Marine
Science and Ocean Engineering, Virginia Institute of Marine
Science
</edomvds>
					</edom>
				</attrdomv>
				<attalias Sync="TRUE">MFIPS</attalias><attrtype Sync="TRUE">Number</attrtype><attwidth Sync="TRUE">7</attwidth></attr>
			<attr>
				<attrlabl>FIPS</attrlabl>
				<attrdef>
Federal Information Processing System (FIPS)
codes
</attrdef>
				<attrdefs>Federal Government</attrdefs>
				<attrdomv>
					<codesetd>
						<codesetn>Federal Information Processing System</codesetn>
						<codesets>Federal Government</codesets>
					</codesetd>
				</attrdomv>
				<attalias Sync="TRUE">FIPS</attalias><attrtype Sync="TRUE">Number</attrtype><attwidth Sync="TRUE">7</attwidth></attr>
			<attr>
				<attrlabl>MARSHNO</attrlabl>
				<attrdef>VIMS marsh number</attrdef>
				<attrdefs>
Catalogue number of each polygon from
VIMS hardcopy publication
</attrdefs>
				<attrdomv>
					<rdom>
						<rdommin>0</rdommin>
						<rdommax>99999999</rdommax>
					</rdom>
				</attrdomv>
				<attalias Sync="TRUE">MARSHNO</attalias><attrtype Sync="TRUE">Number</attrtype><attwidth Sync="TRUE">7</attwidth></attr>
			<attr>
				<attrlabl>TYPE</attrlabl>
				<attrdef>Marsh or wetland community type</attrdef>
				<attrdefs>Wetlands Guidelines</attrdefs>
				<attrdomv>
					<edom>
						<edomv>1</edomv>
						<edomvd>Saltmarsh Cordgrass Community</edomvd>
						<edomvds>Wetlands Guidelines</edomvds>
					</edom>
				</attrdomv>
				<attrdomv>
					<edom>
						<edomv>2</edomv>
						<edomvd>Saltmeadow Community</edomvd>
						<edomvds>Wetlands Guidelines</edomvds>
					</edom>
				</attrdomv>
				<attrdomv>
					<edom>
						<edomv>3</edomv>
						<edomvd>Black Needlerush Community</edomvd>
						<edomvds>Wetlands Guidelines</edomvds>
					</edom>
				</attrdomv>
				<attrdomv>
					<edom>
						<edomv>4</edomv>
						<edomvd>Saltbush Community</edomvd>
						<edomvds>Wetlands Guidelines</edomvds>
					</edom>
				</attrdomv>
				<attrdomv>
					<edom>
						<edomv>5</edomv>
						<edomvd>Big Cordgrass Community</edomvd>
						<edomvds>Wetlands Guidelines</edomvds>
					</edom>
				</attrdomv>
				<attrdomv>
					<edom>
						<edomv>6</edomv>
						<edomvd>Cattail Community</edomvd>
						<edomvds>Wetlands Guidelines</edomvds>
					</edom>
				</attrdomv>
				<attrdomv>
					<edom>
						<edomv>7</edomv>
						<edomvd>Arrow Arum-Pickerelweed Community</edomvd>
						<edomvds>Wetlands Guidelines</edomvds>
					</edom>
				</attrdomv>
				<attrdomv>
					<edom>
						<edomv>8</edomv>
						<edomvd>Reed Grass Community</edomvd>
						<edomvds>Wetlands Guidelines</edomvds>
					</edom>
				</attrdomv>
				<attrdomv>
					<edom>
						<edomv>9</edomv>
						<edomvd>Yellow Pond Lily Community</edomvd>
						<edomvds>Wetlands Guidelines</edomvds>
					</edom>
				</attrdomv>
				<attrdomv>
					<edom>
						<edomv>10</edomv>
						<edomvd>Saltwort Community</edomvd>
						<edomvds>Wetlands Guidelines</edomvds>
					</edom>
				</attrdomv>
				<attrdomv>
					<edom>
						<edomv>11</edomv>
						<edomvd>Freshwater Mixed Community</edomvd>
						<edomvds>Wetlands Guidelines</edomvds>
					</edom>
				</attrdomv>
				<attrdomv>
					<edom>
						<edomv>12</edomv>
						<edomvd>Brackish Water Mixed Community</edomvd>
						<edomvds>Wetlands Guidelines</edomvds>
					</edom>
				</attrdomv>
				<attalias Sync="TRUE">TYPE</attalias><attrtype Sync="TRUE">Number</attrtype><attwidth Sync="TRUE">2</attwidth></attr>
			<attr><attrlabl Sync="TRUE">definition</attrlabl><attalias Sync="TRUE">definition</attalias><attrtype Sync="TRUE">String</attrtype><attwidth Sync="TRUE">254</attwidth></attr></detailed>
		<overview>
			<eaover>
Polygons (PAT) attribute table contains four items: MFIPS, FIPS,
MARSHNO,  and TYPE.  The item definition is 7, 7, I for the first
three items, and 2, 2, I for TYPE.  Each code is numeric identifier
for a marsh, a wetland community, or the county the wetland is found
within.  The MFIPS item includes the codes 1 and 2 for water and land.
If there is more than one water or upland poly within a coverage,
there will be multiple polygons with the same MFIPS code.  MFIPS
will only be unique for those items coded as marshes. If MFIPS=1
(water) then FIPS=0 and MARSHNO=1. If  MFIPS=2 (land), then FIPS=0
and MARSHNO=2.  There are twelve marsh types that describe various
vegetative communities.
</eaover>
			<eadetcit>
Virginia Marine Resources Commission. 1993. WETLANDS GUIDELINES,
Virginia Marine Resources Commission, Habitat Management Division,
and the Virginia Institute of  Marine Science, Dept. of Wetlands
Ecology, Newport News, Virginia, pp.74.
</eadetcit>
		</overview>
	</eainfo>
	<distinfo>
		<distrib>
			<cntinfo>
				<cntorgp>
					<cntorg>Virginia Institute of Marine Science (VIMS)</cntorg>
				</cntorgp>
				<cntpos>Director of Comphrehensive Coastal Inventory Program</cntpos>
				<cntaddr>
					<addrtype>mailing address</addrtype>
					<address>P.O. Box 1346</address>
					<city>Gloucester POint</city>
					<state>Virginia</state>
					<postal>23062</postal>
					<country>USA</country>
				</cntaddr>
				<cntvoice>(804) 684-7188</cntvoice>
				<cntfax>(804) 684-7182</cntfax>
				<cntemail>marcia@vims.edu</cntemail>
			</cntinfo>
		</distrib>
		<distliab>
The Comprehensive Coastal Inventory Program (CCI) at VIMS performs
a service by distributing data generated by either CCI or public
agencies which offer data without restriction or charge. CCI
assumes no responsibility for data accuracy or precision, metadata
completeness or correctness for digital information generated by other
agencies. CCI assumes no liability for misuse of any data which may arise
as a result of any alteration, conversion, or combination with other
data sources. As well, the timeliness and scale of these products
must be considered when evaluating appropriate use.
</distliab>
		<resdesc Sync="TRUE">Downloadable Data</resdesc><stdorder><digform><digtinfo><transize Sync="TRUE">21.070</transize><dssize Sync="TRUE">21.070</dssize></digtinfo></digform></stdorder></distinfo>
	<metainfo>
		<metd Sync="TRUE">20120118</metd>
		<metc>
			<cntinfo>
				<cntorgp>
					<cntorg>Virginia Institute of Marine Science (VIMS)</cntorg>
					<cntper>Tamia Rudnicky</cntper>
				</cntorgp>
				<cntpos>Programmer</cntpos>
				<cntaddr>
					<addrtype>mailing address</addrtype>
					<address>P.O. Box 1346</address>
					<city>Gloucester Point</city>
					<state>Virginia</state>
					<postal>23062</postal>
					<country>USA</country>
				</cntaddr>
				<cntvoice>(804) 684-7181</cntvoice>
				<cntfax>(804) 684-7182</cntfax>
				<cntemail>tamia@vims.edu</cntemail>
			</cntinfo>
		</metc>
		<metstdn Sync="TRUE">FGDC Content Standards for Digital Geospatial Metadata</metstdn>
		<metstdv Sync="TRUE">FGDC-STD-001-1998</metstdv>
		<metac>none</metac>
		<metuc>none</metuc>
		<langmeta Sync="TRUE">en</langmeta><mettc Sync="TRUE">local time</mettc><metextns><onlink Sync="TRUE">http://www.esri.com/metadata/esriprof80.html</onlink><metprof Sync="TRUE">ESRI Metadata Profile</metprof></metextns></metainfo>
	<Esri><MetaID>{4429A8C8-3497-41A7-A878-17E6F6C1E798}</MetaID><CreaDate>20120118</CreaDate><CreaTime>13294200</CreaTime><SyncOnce>FALSE</SyncOnce><SyncDate>20120118</SyncDate><SyncTime>13294300</SyncTime><ModDate>20120118</ModDate><ModTime>13294300</ModTime></Esri><dataIdInfo><envirDesc Sync="TRUE">Microsoft Windows Vista Version 6.1 (Build 7601) Service Pack 1; ESRI ArcCatalog 9.3.1.3000</envirDesc><dataLang><languageCode Sync="TRUE" value="en"></languageCode></dataLang><idCitation><resTitle Sync="TRUE">tmiall83</resTitle><presForm><PresFormCd Sync="TRUE" value="005"></PresFormCd></presForm></idCitation><spatRpType><SpatRepTypCd Sync="TRUE" value="001"></SpatRepTypCd></spatRpType><dataExt><geoEle><GeoBndBox esriExtentType="native"><westBL Sync="TRUE">284437.96875</westBL><eastBL Sync="TRUE">478083.09375</eastBL><northBL Sync="TRUE">4307056.5</northBL><southBL Sync="TRUE">4045356</southBL><exTypeCode Sync="TRUE">1</exTypeCode></GeoBndBox></geoEle></dataExt><geoBox esriExtentType="decdegrees"><westBL Sync="TRUE">-77.485254</westBL><eastBL Sync="TRUE">-75.244898</eastBL><northBL Sync="TRUE">38.912135</northBL><southBL Sync="TRUE">36.529309</southBL><exTypeCode Sync="TRUE">1</exTypeCode></geoBox></dataIdInfo><mdLang><languageCode Sync="TRUE" value="en"></languageCode></mdLang><mdStanName Sync="TRUE">ISO 19115 Geographic Information - Metadata</mdStanName><mdStanVer Sync="TRUE">DIS_ESRI1.0</mdStanVer><mdChar><CharSetCd Sync="TRUE" value="004"></CharSetCd></mdChar><mdHrLv><ScopeCd Sync="TRUE" value="005"></ScopeCd></mdHrLv><mdHrLvName Sync="TRUE">dataset</mdHrLvName><distInfo><distributor><distorTran><onLineSrc><orDesc Sync="TRUE">002</orDesc><linkage Sync="TRUE">file://\\ET1275\C$\myworkspace\temp\tmiall83.shp</linkage><protocol Sync="TRUE">Local Area Network</protocol></onLineSrc><transSize Sync="TRUE">21.070</transSize></distorTran><distorFormat><formatName Sync="TRUE">Shapefile</formatName></distorFormat></distributor></distInfo><refSysInfo><RefSystem><refSysID><identCode Sync="TRUE">NAD_1983_UTM_Zone_18N</identCode></refSysID></RefSystem></refSysInfo><spatRepInfo><VectSpatRep><topLvl><TopoLevCd Sync="TRUE" value="001"></TopoLevCd></topLvl><geometObjs Name="tmiall83"><geoObjTyp><GeoObjTypCd Sync="TRUE" value="001"></GeoObjTypCd></geoObjTyp><geoObjCnt Sync="TRUE">18628</geoObjCnt></geometObjs></VectSpatRep></spatRepInfo><mdDateSt Sync="TRUE">20120118</mdDateSt></metadata>
