<metadata xml:lang="en"><Esri><CreaDate>20130620</CreaDate><CreaTime>14095000</CreaTime><ArcGISFormat>1.0</ArcGISFormat><SyncOnce>FALSE</SyncOnce><DataProperties><lineage><Process ToolSource="c:\program files\arcgis\desktop10.0\ArcToolbox\Toolboxes\Data Management Tools.tbx\JoinField" Date="20130620" Time="120405">JoinField "C:\stuff\Yuma tablet database\Tidal marsh data.gdb\CharlesCity_1" OBJECTID "C:\stuff\Yuma tablet database\Tidal marsh data.gdb\FiveNewRecords" OBJECTID Oxeye;Saltgrass;_Square;Softrush;Arw_Head;Bultongue;Tearthumb;Cypress;Lotus;Arwwood;Ash;Dayflower;Beakrush;Bedstraw;Bggr_Ticks;Black_Gum;Button_Bsh;Crdnl_Flwr;Clmbng_Hmp;Dodder;Eryngo;Fls_Nttl;Germander;Gnt_Bulrsh;Iris;Ironweed;Jewelweed;Justicia;Lzrd_Tail;Marsh_Fern;Olny_3sqr;Orach;Panic_Grs;Prtrdg_Pea;Red_Maple;Rice_Ctgrs;Rvr_Bulrsh;Royal_Fern;Slt_Aster;Fimbristyl;Saltwort;Sea_Lvndr;Slt_Fleabn;Sedge;Snstv_Fern;Smrtweed;Snzweed;Spikerush;St_Jns_Wrt;Swmp_Lstrf;Swmp_Mlkwd;Swmp_Rose;Sweet_Flag;Tag_Alder;Thorowort;way_Sedge;Trks_Cap;Wltrs_Mllt;Wnd_Lythrm;Wtr_Dock;Wtr_Hemlock;Wtr_Hemp;Wtr_Prsnp;Wtr_Prsln;Wtr_Smtwd;Wax_Myrtle;Wool_Grass;Wool_Reed;Prpl_Lstrf;Wtr_Penny;Rd_Mlkwd</Process><Process ToolSource="c:\program files\arcgis\desktop10.0\ArcToolbox\Toolboxes\Data Management Tools.tbx\CalculateField" Date="20130620" Time="142815">CalculateField CharlesCity_1_Permanent ID [OBJECTID] VB #</Process><Process ToolSource="c:\program files\arcgis\desktop10.0\ArcToolbox\Toolboxes\Data Management Tools.tbx\CalculateField" Date="20130621" Time="113950">CalculateField CharlesCity Observer "J. Bradshaw" VB #</Process><Process ToolSource="C:\Program Files (x86)\ArcGIS\Desktop10.0\ArcToolbox\Toolboxes\Data Management Tools.tbx\CalculateField" Date="20130621" Time="140649">CalculateField CharlesCity Date 06/20/2013 VB #</Process><Process ToolSource="C:\Program Files (x86)\ArcGIS\Desktop10.0\ArcToolbox\Toolboxes\Data Management Tools.tbx\CalculateField" Date="20130621" Time="140708">CalculateField CharlesCity Date "06/20/2013" VB #</Process><Process ToolSource="C:\Program Files (x86)\ArcGIS\Desktop10.0\ArcToolbox\Toolboxes\Data Management Tools.tbx\CalculateField" Date="20130711" Time="151958">CalculateField CharlesCity Location "Chickahominy River" VB #</Process><Process ToolSource="C:\Program Files (x86)\ArcGIS\Desktop10.0\ArcToolbox\Toolboxes\Data Management Tools.tbx\CalculateField" Date="20130711" Time="152800">CalculateField CharlesCity Location "Morris Creek" VB #</Process><Process ToolSource="C:\Program Files (x86)\ArcGIS\Desktop10.0\ArcToolbox\Toolboxes\Data Management Tools.tbx\CalculateField" Date="20130711" Time="152949">CalculateField CharlesCity Location "Chickahominy River" VB #</Process><Process ToolSource="C:\Program Files (x86)\ArcGIS\Desktop10.0\ArcToolbox\Toolboxes\Data Management Tools.tbx\CalculateField" Date="20130711" Time="153051">CalculateField CharlesCity Location "Chickahominy River" VB #</Process><Process ToolSource="C:\Program Files (x86)\ArcGIS\Desktop10.0\ArcToolbox\Toolboxes\Data Management Tools.tbx\CalculateField" Date="20130716" Time="110642">CalculateField CharlesCity Field_Checked N VB #</Process><Process ToolSource="C:\Program Files (x86)\ArcGIS\Desktop10.0\ArcToolbox\Toolboxes\Data Management Tools.tbx\CalculateField" Date="20130716" Time="110719">CalculateField CharlesCity Field_Checked N VB #</Process><Process ToolSource="C:\Program Files (x86)\ArcGIS\Desktop10.0\ArcToolbox\Toolboxes\Data Management Tools.tbx\CalculateField" Date="20130716" Time="120427">CalculateField CharlesCity Observer "J. Bradshaw" VB #</Process><Process ToolSource="C:\Program Files (x86)\ArcGIS\Desktop10.0\ArcToolbox\Toolboxes\Data Management Tools.tbx\CalculateField" Date="20130716" Time="135632">CalculateField CharlesCity Field_Checked "N" VB #</Process><Process ToolSource="C:\Program Files (x86)\ArcGIS\Desktop10.0\ArcToolbox\Toolboxes\Data Management Tools.tbx\CalculateField" Date="20130716" Time="152401">CalculateField CharlesCity Date 6/12/2013 VB #</Process><Process ToolSource="C:\Program Files (x86)\ArcGIS\Desktop10.0\ArcToolbox\Toolboxes\Data Management Tools.tbx\CalculateField" Date="20130716" Time="152420">CalculateField CharlesCity Date 6/12/2013 VB #</Process><Process ToolSource="C:\Program Files (x86)\ArcGIS\Desktop10.0\ArcToolbox\Toolboxes\Data Management Tools.tbx\CalculateField" Date="20130716" Time="152535">CalculateField CharlesCity Date "6/12/2013" VB #</Process><Process ToolSource="C:\Program Files (x86)\ArcGIS\Desktop10.0\ArcToolbox\Toolboxes\Data Management Tools.tbx\CalculateField" Date="20130716" Time="153108">CalculateField CharlesCity Location "[Location] = "Chickahominy River"" VB #</Process><Process ToolSource="C:\Program Files (x86)\ArcGIS\Desktop10.0\ArcToolbox\Toolboxes\Data Management Tools.tbx\CalculateField" Date="20130716" Time="153146">CalculateField CharlesCity Location "[Location] = "Chickahominy River"" VB #</Process><Process ToolSource="C:\Program Files (x86)\ArcGIS\Desktop10.0\ArcToolbox\Toolboxes\Data Management Tools.tbx\CalculateField" Date="20130716" Time="153327">CalculateField CharlesCity Location "Chickahominy River" VB #</Process><Process ToolSource="C:\Program Files (x86)\ArcGIS\Desktop10.0\ArcToolbox\Toolboxes\Data Management Tools.tbx\CalculateField" Date="20130716" Time="153419">CalculateField CharlesCity Location "Chickahominy River" VB #</Process><Process ToolSource="C:\Program Files (x86)\ArcGIS\Desktop10.0\ArcToolbox\Toolboxes\Data Management Tools.tbx\CalculateField" Date="20130717" Time="171232">CalculateField CharlesCity Location "Kennon Creek" VB #</Process><Process ToolSource="C:\Program Files (x86)\ArcGIS\Desktop10.0\ArcToolbox\Toolboxes\Data Management Tools.tbx\CalculateField" Date="20130717" Time="171534">CalculateField CharlesCity Field_Checked Y VB #</Process><Process ToolSource="C:\Program Files (x86)\ArcGIS\Desktop10.0\ArcToolbox\Toolboxes\Data Management Tools.tbx\CalculateField" Date="20130717" Time="171623">CalculateField CharlesCity Date "6/13/2013" VB #</Process><Process ToolSource="C:\Program Files (x86)\ArcGIS\Desktop10.0\ArcToolbox\Toolboxes\Data Management Tools.tbx\CalculateField" Date="20130717" Time="171654">CalculateField CharlesCity Observer "J. Bradshaw" VB #</Process><Process ToolSource="C:\Program Files (x86)\ArcGIS\Desktop10.0\ArcToolbox\Toolboxes\Data Management Tools.tbx\CalculateField" Date="20130717" Time="175324">CalculateField CharlesCity Location "Tyler Creek" VB #</Process><Process ToolSource="C:\Program Files (x86)\ArcGIS\Desktop10.0\ArcToolbox\Toolboxes\Data Management Tools.tbx\CalculateField" Date="20130718" Time="112546">CalculateField CharlesCity Field_Checked "N" VB #</Process><Process ToolSource="C:\Program Files (x86)\ArcGIS\Desktop10.0\ArcToolbox\Toolboxes\Data Management Tools.tbx\CalculateField" Date="20130718" Time="113035">CalculateField CharlesCity Location "Kittewan Creek" VB #</Process><Process ToolSource="C:\Program Files (x86)\ArcGIS\Desktop10.0\ArcToolbox\Toolboxes\Data Management Tools.tbx\CalculateField" Date="20130718" Time="113123">CalculateField CharlesCity Location "Kittewan Creek" VB #</Process><Process ToolSource="C:\Program Files (x86)\ArcGIS\Desktop10.0\ArcToolbox\Toolboxes\Data Management Tools.tbx\CalculateField" Date="20130718" Time="143412">CalculateField CharlesCity Field_Checked "N" VB #</Process><Process ToolSource="C:\Program Files (x86)\ArcGIS\Desktop10.0\ArcToolbox\Toolboxes\Data Management Tools.tbx\CalculateField" Date="20130718" Time="151704">CalculateField CharlesCity Date "6/13/2013" VB #</Process><Process ToolSource="C:\Program Files (x86)\ArcGIS\Desktop10.0\ArcToolbox\Toolboxes\Data Management Tools.tbx\CalculateField" Date="20130718" Time="154257">CalculateField CharlesCity Date "6/13/2013" VB #</Process><Process ToolSource="C:\Program Files (x86)\ArcGIS\Desktop10.0\ArcToolbox\Toolboxes\Data Management Tools.tbx\CalculateField" Date="20130718" Time="154323">CalculateField CharlesCity Observer "J. Bradshaw" VB #</Process><Process ToolSource="C:\Program Files (x86)\ArcGIS\Desktop10.0\ArcToolbox\Toolboxes\Data Management Tools.tbx\CalculateField" Date="20130718" Time="154345">CalculateField CharlesCity Location "James River" VB #</Process><Process ToolSource="C:\Program Files (x86)\ArcGIS\Desktop10.0\ArcToolbox\Toolboxes\Data Management Tools.tbx\CalculateField" Date="20130718" Time="155159">CalculateField CharlesCity Location "Weyanoke Point" VB #</Process><Process ToolSource="C:\Program Files (x86)\ArcGIS\Desktop10.0\ArcToolbox\Toolboxes\Data Management Tools.tbx\CalculateField" Date="20130718" Time="155215">CalculateField CharlesCity Field_Checked "N" VB #</Process><Process ToolSource="C:\Program Files (x86)\ArcGIS\Desktop10.0\ArcToolbox\Toolboxes\Data Management Tools.tbx\CalculateField" Date="20130718" Time="165006">CalculateField CharlesCity Field_Checked "N" VB #</Process><Process ToolSource="C:\Program Files (x86)\ArcGIS\Desktop10.0\ArcToolbox\Toolboxes\Data Management Tools.tbx\CalculateField" Date="20130718" Time="165320">CalculateField CharlesCity Date "6/13/2013" VB #</Process><Process ToolSource="C:\Program Files (x86)\ArcGIS\Desktop10.0\ArcToolbox\Toolboxes\Data Management Tools.tbx\CalculateField" Date="20130718" Time="165634">CalculateField CharlesCity Field_Checked "N" VB #</Process><Process ToolSource="C:\Program Files (x86)\ArcGIS\Desktop10.0\ArcToolbox\Toolboxes\Data Management Tools.tbx\CalculateField" Date="20130718" Time="165726">CalculateField CharlesCity Location "Queens Creek" VB #</Process><Process ToolSource="C:\Program Files (x86)\ArcGIS\Desktop10.0\ArcToolbox\Toolboxes\Data Management Tools.tbx\CalculateField" Date="20130719" Time="110053">CalculateField CharlesCity Location "Turkey Island Creek" VB #</Process><Process ToolSource="C:\Program Files (x86)\ArcGIS\Desktop10.0\ArcToolbox\Toolboxes\Data Management Tools.tbx\CalculateField" Date="20130719" Time="112024">CalculateField CharlesCity Date "6/20/2013" VB #</Process><Process ToolSource="C:\Program Files (x86)\ArcGIS\Desktop10.0\ArcToolbox\Toolboxes\Data Management Tools.tbx\CalculateField" Date="20130719" Time="112045">CalculateField CharlesCity Location "Turkey Island Creek" VB #</Process><Process ToolSource="C:\Program Files (x86)\ArcGIS\Desktop10.0\ArcToolbox\Toolboxes\Data Management Tools.tbx\CalculateField" Date="20130719" Time="114351">CalculateField CharlesCity Date "6/20/2013" VB #</Process><Process ToolSource="C:\Program Files (x86)\ArcGIS\Desktop10.0\ArcToolbox\Toolboxes\Data Management Tools.tbx\CalculateField" Date="20130719" Time="114406">CalculateField CharlesCity Observer "J. Bradshaw" VB #</Process><Process ToolSource="C:\Program Files (x86)\ArcGIS\Desktop10.0\ArcToolbox\Toolboxes\Data Management Tools.tbx\CalculateField" Date="20130719" Time="114419">CalculateField CharlesCity Location "James River" VB #</Process><Process ToolSource="C:\Program Files (x86)\ArcGIS\Desktop10.0\ArcToolbox\Toolboxes\Data Management Tools.tbx\CalculateField" Date="20130719" Time="142020">CalculateField CharlesCity Location "James River" VB #</Process><Process ToolSource="C:\Program Files (x86)\ArcGIS\Desktop10.0\ArcToolbox\Toolboxes\Data Management Tools.tbx\CalculateField" Date="20130719" Time="142231">CalculateField CharlesCity Date "6/20/2013" VB #</Process><Process ToolSource="C:\Program Files (x86)\ArcGIS\Desktop10.0\ArcToolbox\Toolboxes\Data Management Tools.tbx\CalculateField" Date="20130719" Time="142330">CalculateField CharlesCity Location "Eppes Creek" VB #</Process><Process ToolSource="C:\Program Files (x86)\ArcGIS\Desktop10.0\ArcToolbox\Toolboxes\Data Management Tools.tbx\CalculateField" Date="20130719" Time="153507">CalculateField CharlesCity Location "James River" VB #</Process><Process ToolSource="C:\Program Files (x86)\ArcGIS\Desktop10.0\ArcToolbox\Toolboxes\Data Management Tools.tbx\CalculateField" Date="20130719" Time="154431">CalculateField CharlesCity Date "6/20/2013" VB #</Process><Process ToolSource="C:\Program Files (x86)\ArcGIS\Desktop10.0\ArcToolbox\Toolboxes\Data Management Tools.tbx\CalculateField" Date="20130719" Time="154550">CalculateField CharlesCity Observer "J. Bradshaw" VB #</Process><Process ToolSource="C:\Program Files (x86)\ArcGIS\Desktop10.0\ArcToolbox\Toolboxes\Data Management Tools.tbx\CalculateField" Date="20130719" Time="161232">CalculateField CharlesCity Location "Herring Creek" VB #</Process><Process ToolSource="C:\Program Files (x86)\ArcGIS\Desktop10.0\ArcToolbox\Toolboxes\Data Management Tools.tbx\CalculateField" Date="20130719" Time="161703">CalculateField CharlesCity Date "6/20/2013" VB #</Process><Process ToolSource="C:\Program Files (x86)\ArcGIS\Desktop10.0\ArcToolbox\Toolboxes\Data Management Tools.tbx\CalculateField" Date="20130722" Time="145552">CalculateField CharlesCity Location "James River" VB #</Process><Process ToolSource="C:\Program Files (x86)\ArcGIS\Desktop10.0\ArcToolbox\Toolboxes\Data Management Tools.tbx\CalculateField" Date="20130722" Time="145756">CalculateField CharlesCity Location "Tomahund Creek" VB #</Process><Process ToolSource="C:\Program Files (x86)\ArcGIS\Desktop10.0\ArcToolbox\Toolboxes\Data Management Tools.tbx\CalculateField" Date="20130722" Time="150607">CalculateField CharlesCity Date "6/12/2013" VB #</Process><Process ToolSource="C:\Program Files (x86)\ArcGIS\Desktop10.0\ArcToolbox\Toolboxes\Data Management Tools.tbx\CalculateField" Date="20130722" Time="150921">CalculateField CharlesCity Location "Chickahominy River" VB #</Process><Process ToolSource="C:\Program Files (x86)\ArcGIS\Desktop10.0\ArcToolbox\Toolboxes\Data Management Tools.tbx\CalculateField" Date="20130722" Time="152144">CalculateField CharlesCity Location "Chickahominy River" VB #</Process><Process ToolSource="C:\Program Files (x86)\ArcGIS\Desktop10.0\ArcToolbox\Toolboxes\Data Management Tools.tbx\CalculateField" Date="20130916" Time="154043">CalculateField CharlesCity Observer " " VB #</Process><Process ToolSource="C:\Program Files\ArcGIS\Desktop10.0\ArcToolbox\Toolboxes\Analysis Tools.tbx\Select" Date="20130917" Time="161320">Select CharlesCity N:\cci\Shoreline_Inventories\Tidal_Marsh_Inventories\Localities\CharlesCity_2013\Final_CharlesCity_TMI_Data\CharlesCity_TMI_2013.shp #</Process><Process ToolSource="C:\Program Files\ArcGIS\Desktop10.0\ArcToolbox\Toolboxes\Data Management Tools.tbx\DeleteField" Date="20130917" Time="161911">DeleteField CharlesCity_TMI_2013 Arrow_arum;Big_cordgr;Black_need;Cattail;Hibiscus;Mallow;Saltmarsh_;Saltmarsh1;Saltmeadow;Saltbush;Switchgras;Phrag;Pickerel_w;Pond_lily;Southern_w;Wild_rice;Oxeye;Saltgrass;_Square;Softrush;Arw_Head;Bultongue;Tearthumb;Cypress;Lotus;Arwwood;Ash;Dayflower;Beakrush;Bedstraw;Bggr_Ticks;Black_Gum;Button_Bsh;Crdnl_Flwr;Clmbng_Hmp;Dodder;Eryngo;Fls_Nttl;Germander;Gnt_Bulrsh;Iris;Ironweed;Jewelweed;Justicia;Lzrd_Tail;Marsh_Fern;Olny_3sqr;Orach;Panic_Grs;Prtrdg_Pea;Red_Maple;Rice_Ctgrs;Rvr_Bulrsh;Royal_Fern;Slt_Aster;Fimbristyl;Saltwort;Sea_Lvndr;Slt_Fleabn;Sedge;Snstv_Fern;Smrtweed;Snzweed;Spikerush;St_Jns_Wrt;Swmp_Lstrf;Swmp_Mlkwd;Swmp_Rose;Sweet_Flag;Tag_Alder;Thorowort;way_Sedge;Trks_Cap;Wltrs_Mllt;Wnd_Lythrm;Wtr_Dock;Wtr_Hemloc;Wtr_Hemp;Wtr_Prsnp;Wtr_Prsln;Wtr_Smtwd;Wax_Myrtle;Wool_Grass;Wool_Reed;Prpl_Lstrf;Wtr_Penny;Rd_Mlkwd;Other_1;Other_2;Other_3</Process><Process ToolSource="C:\Program Files\ArcGIS\Desktop10.0\ArcToolbox\Toolboxes\Data Management Tools.tbx\JoinField" Date="20130918" Time="094454">JoinField CharlesCity_TMI_2013 ID CharlesCity_CommunityPhrag_for_Joining TMI_id TMI_id;Community;Phrag;PhragPcnt;FieldDate;CollectedBy;Phrag1;Phrag2</Process><Process ToolSource="C:\Program Files\ArcGIS\Desktop10.0\ArcToolbox\Toolboxes\Data Management Tools.tbx\CalculateField" Date="20130918" Time="095223">CalculateField CharlesCity_TMI_2013 Field_Chec "Y" VB #</Process><Process ToolSource="c:\program files\arcgis\desktop10.1\ArcToolbox\Toolboxes\Data Management Tools.tbx\CalculateField" Date="20130918" Time="203006">CalculateField CharlesCity_TMI_2013 Phrag [Phrag1] VB #</Process><Process ToolSource="c:\program files\arcgis\desktop10.1\ArcToolbox\Toolboxes\Data Management Tools.tbx\JoinField" Date="20130918" Time="205033">JoinField CharlesCity_TMI_2013 Community CommunityTypeTable Code CommunType;Dominant_Plant_Species</Process><Process ToolSource="c:\program files\arcgis\desktop10.1\ArcToolbox\Toolboxes\Data Management Tools.tbx\CalculateField" Date="20130919" Time="100158">CalculateField CharlesCity_TMI_2013 Marsh_Type "Fringe&lt;15" VB #</Process><Process ToolSource="c:\program files\arcgis\desktop10.1\ArcToolbox\Toolboxes\Data Management Tools.tbx\CalculateField" Date="20130919" Time="100229">CalculateField CharlesCity_TMI_2013 Marsh_Type "Fringe&gt;15" VB #</Process><Process ToolSource="C:\Program Files\ArcGIS\Desktop10.0\ArcToolbox\Toolboxes\Data Management Tools.tbx\CalculateField" Date="20130925" Time="121609">CalculateField CharlesCity_TMI_2013 TMI_id [ID] VB #</Process><Process ToolSource="c:\program files\arcgis\desktop10.1\ArcToolbox\Toolboxes\Data Management Tools.tbx\CalculateField" Date="20131014" Time="144720">CalculateField CharlesCity_TMI_2013 Marsh_Type "Fringe&gt;15" VB #</Process><Process ToolSource="c:\program files\arcgis\desktop10.1\ArcToolbox\Toolboxes\Data Management Tools.tbx\CalculateField" Date="20131014" Time="145345">CalculateField CharlesCity_TMI_2013 Marsh_Type "Fringe&gt;15" VB #</Process><Process ToolSource="c:\program files\arcgis\desktop10.1\ArcToolbox\Toolboxes\Data Management Tools.tbx\CalculateField" Date="20131014" Time="193346">CalculateField CharlesCity_TMI_2013 Marsh_Type "Embayed" VB #</Process><Process ToolSource="c:\program files\arcgis\desktop10.1\ArcToolbox\Toolboxes\Data Management Tools.tbx\CalculateField" Date="20131014" Time="200438">CalculateField CharlesCity_TMI_2013 Marsh_Type "Fringe&gt;15" VB #</Process></lineage><itemProps><itemLocation><linkage Sync="TRUE">file://\\139.70.26.251\ccrm\cci\Shoreline_Inventories\Tidal_Marsh_Inventories\Localities\CharlesCity_2013\Final_CharlesCity_TMI_Data\CharlesCity_TMI_2013.shp</linkage><protocol Sync="TRUE">Local Area Network</protocol></itemLocation><itemName Sync="TRUE">CharlesCity_TMI_2013</itemName><imsContentType Sync="TRUE">002</imsContentType><itemSize Sync="TRUE">2.505</itemSize><nativeExtBox><westBL Sync="TRUE">299182.153500</westBL><eastBL Sync="TRUE">333989.932200</eastBL><southBL Sync="TRUE">4122695.160000</southBL><northBL Sync="TRUE">4141630.419300</northBL><exTypeCode Sync="TRUE">1</exTypeCode></nativeExtBox></itemProps><coordRef><type Sync="TRUE">Projected</type><geogcsn Sync="TRUE">GCS_North_American_1983</geogcsn><csUnits Sync="TRUE">Linear Unit: Meter (1.000000)</csUnits><projcsn Sync="TRUE">NAD_1983_UTM_Zone_18N</projcsn><peXml Sync="TRUE">&lt;ProjectedCoordinateSystem xsi:type='typens:ProjectedCoordinateSystem' xmlns:xsi='http://www.w3.org/2001/XMLSchema-instance' xmlns:xs='http://www.w3.org/2001/XMLSchema' xmlns:typens='http://www.esri.com/schemas/ArcGIS/10.0'&gt;&lt;WKT&gt;PROJCS[&amp;quot;NAD_1983_UTM_Zone_18N&amp;quot;,GEOGCS[&amp;quot;GCS_North_American_1983&amp;quot;,DATUM[&amp;quot;D_North_American_1983&amp;quot;,SPHEROID[&amp;quot;GRS_1980&amp;quot;,6378137.0,298.257222101]],PRIMEM[&amp;quot;Greenwich&amp;quot;,0.0],UNIT[&amp;quot;Degree&amp;quot;,0.0174532925199433]],PROJECTION[&amp;quot;Transverse_Mercator&amp;quot;],PARAMETER[&amp;quot;False_Easting&amp;quot;,500000.0],PARAMETER[&amp;quot;False_Northing&amp;quot;,0.0],PARAMETER[&amp;quot;Central_Meridian&amp;quot;,-75.0],PARAMETER[&amp;quot;Scale_Factor&amp;quot;,0.9996],PARAMETER[&amp;quot;Latitude_Of_Origin&amp;quot;,0.0],UNIT[&amp;quot;Meter&amp;quot;,1.0],AUTHORITY[&amp;quot;EPSG&amp;quot;,26918]]&lt;/WKT&gt;&lt;XOrigin&gt;-5120900&lt;/XOrigin&gt;&lt;YOrigin&gt;-9998100&lt;/YOrigin&gt;&lt;XYScale&gt;450445547.3910538&lt;/XYScale&gt;&lt;ZOrigin&gt;-100000&lt;/ZOrigin&gt;&lt;ZScale&gt;10000&lt;/ZScale&gt;&lt;MOrigin&gt;-100000&lt;/MOrigin&gt;&lt;MScale&gt;10000&lt;/MScale&gt;&lt;XYTolerance&gt;0.001&lt;/XYTolerance&gt;&lt;ZTolerance&gt;0.001&lt;/ZTolerance&gt;&lt;MTolerance&gt;0.001&lt;/MTolerance&gt;&lt;HighPrecision&gt;true&lt;/HighPrecision&gt;&lt;WKID&gt;26918&lt;/WKID&gt;&lt;/ProjectedCoordinateSystem&gt;</peXml></coordRef></DataProperties><SyncDate>20131210</SyncDate><SyncTime>11063800</SyncTime><ModDate>20131210</ModDate><ModTime>11063800</ModTime></Esri><dataIdInfo><envirDesc Sync="TRUE">Microsoft Windows XP Version 5.1 (Build 2600) Service Pack 3; ESRI ArcGIS 10.0.3.3600</envirDesc><dataLang><languageCode value="en" Sync="TRUE"></languageCode><countryCode value="US" Sync="TRUE"></countryCode></dataLang><idCitation><resTitle Sync="TRUE">CharlesCity_TMI_2013</resTitle><presForm><PresFormCd value="005" Sync="TRUE"></PresFormCd></presForm></idCitation><spatRpType><SpatRepTypCd value="001" Sync="TRUE"></SpatRepTypCd></spatRpType><dataExt><geoEle><GeoBndBox esriExtentType="native"><westBL Sync="TRUE">299182.1535</westBL><eastBL Sync="TRUE">333989.9322</eastBL><northBL Sync="TRUE">4141630.4193</northBL><southBL Sync="TRUE">4122695.16</southBL><exTypeCode Sync="TRUE">1</exTypeCode></GeoBndBox></geoEle></dataExt><geoBox esriExtentType="decdegrees"><westBL Sync="TRUE">-77.268762</westBL><eastBL Sync="TRUE">-76.871494</eastBL><northBL Sync="TRUE">37.4066</northBL><southBL Sync="TRUE">37.229161</southBL><exTypeCode Sync="TRUE">1</exTypeCode></geoBox><dataExt><geoEle><GeoBndBox esriExtentType="search"><exTypeCode Sync="TRUE">1</exTypeCode><westBL Sync="TRUE">-77.268762</westBL><eastBL Sync="TRUE">-76.871494</eastBL><northBL Sync="TRUE">37.406600</northBL><southBL Sync="TRUE">37.229161</southBL></GeoBndBox></geoEle></dataExt></dataIdInfo><mdLang><languageCode value="en" Sync="TRUE"></languageCode><countryCode value="US" Sync="TRUE"></countryCode></mdLang><distInfo><distFormat><formatName Sync="TRUE">Shapefile</formatName></distFormat><distTranOps><transSize Sync="TRUE">2.505</transSize></distTranOps><distributor><distorTran><onLineSrc><orDesc Sync="TRUE">002</orDesc><linkage Sync="TRUE">file://\\139.70.26.251\ccrm\cci\Shoreline_Inventories\Tidal_Marsh_Inventories\Localities\CharlesCity_2013\Final_CharlesCity_TMI_Data\CharlesCity_TMI_2013.shp</linkage><protocol Sync="TRUE">Local Area Network</protocol></onLineSrc><transSize Sync="TRUE">2.505</transSize></distorTran><distorFormat><formatName Sync="TRUE">Shapefile</formatName></distorFormat></distributor></distInfo><mdHrLv><ScopeCd value="005" Sync="TRUE"></ScopeCd></mdHrLv><mdHrLvName Sync="TRUE">dataset</mdHrLvName><refSysInfo><RefSystem><refSysID><identCode code="26918" Sync="TRUE" value="26918">NAD_1983_UTM_Zone_18N</identCode><idCodeSpace Sync="TRUE">EPSG</idCodeSpace><idVersion Sync="TRUE">7.4.1</idVersion></refSysID></RefSystem></refSysInfo><spatRepInfo><VectSpatRep><geometObjs Name="CharlesCity_TMI_2013"><geoObjTyp><GeoObjTypCd value="002" Sync="TRUE"></GeoObjTypCd></geoObjTyp><geoObjCnt Sync="TRUE">447</geoObjCnt></geometObjs><topLvl><TopoLevCd value="001" Sync="TRUE"></TopoLevCd></topLvl></VectSpatRep></spatRepInfo><spdoinfo><direct Sync="TRUE">Vector</direct><ptvctinf><esriterm><efeatyp Sync="TRUE">Simple</efeatyp><efeageom code="4" Sync="TRUE"></efeageom><esritopo Sync="TRUE">FALSE</esritopo><efeacnt Sync="TRUE">447</efeacnt><spindex Sync="TRUE">TRUE</spindex><linrefer Sync="TRUE">FALSE</linrefer></esriterm></ptvctinf></spdoinfo><eainfo><detailed Name="CharlesCity_TMI_2013"><enttyp><enttypl Sync="TRUE">CharlesCity_TMI_2013</enttypl><enttypt Sync="TRUE">Feature Class</enttypt><enttypc Sync="TRUE">447</enttypc></enttyp><attr><attrlabl Sync="TRUE">FID</attrlabl><attalias Sync="TRUE">FID</attalias><attrtype Sync="TRUE">OID</attrtype><attwidth Sync="TRUE">4</attwidth><atprecis Sync="TRUE">0</atprecis><attscale Sync="TRUE">0</attscale><attrdef Sync="TRUE">Internal feature number.</attrdef><attrdefs Sync="TRUE">ESRI</attrdefs><attrdomv><udom Sync="TRUE">Sequential unique whole numbers that are automatically generated.</udom></attrdomv></attr><attr><attrlabl Sync="TRUE">Shape</attrlabl><attalias Sync="TRUE">Shape</attalias><attrtype Sync="TRUE">Geometry</attrtype><attwidth Sync="TRUE">0</attwidth><atprecis Sync="TRUE">0</atprecis><attscale Sync="TRUE">0</attscale><attrdef Sync="TRUE">Feature geometry.</attrdef><attrdefs Sync="TRUE">ESRI</attrdefs><attrdomv><udom Sync="TRUE">Coordinates defining the features.</udom></attrdomv></attr><attr><attrlabl Sync="TRUE">Location</attrlabl><attalias Sync="TRUE">Location</attalias><attrtype Sync="TRUE">String</attrtype><attwidth Sync="TRUE">50</attwidth><attrdef>Water body location of marsh</attrdef><atprecis Sync="TRUE">0</atprecis><attscale Sync="TRUE">0</attscale></attr><attr><attrlabl Sync="TRUE">Marsh_Type</attrlabl><attalias Sync="TRUE">Marsh_Type</attalias><attrtype Sync="TRUE">String</attrtype><attwidth Sync="TRUE">20</attwidth><attrdef>Fringe &gt;15, fringe &lt;15, embayed, extensive, and marsh island</attrdef><atprecis Sync="TRUE">0</atprecis><attscale Sync="TRUE">0</attscale></attr><attr><attrlabl Sync="TRUE">Phrag</attrlabl><attalias Sync="TRUE">Phrag</attalias><attrtype Sync="TRUE">String</attrtype><attwidth Sync="TRUE">254</attwidth><attrdef>presence or absence</attrdef><atprecis Sync="TRUE">0</atprecis><attscale Sync="TRUE">0</attscale></attr><attr><attrlabl Sync="TRUE">TMI_id</attrlabl><attalias Sync="TRUE">TMI_id</attalias><attrtype Sync="TRUE">Double</attrtype><attwidth Sync="TRUE">19</attwidth><atprecis Sync="TRUE">0</atprecis><attscale Sync="TRUE">0</attscale></attr><attr><attrlabl Sync="TRUE">Community</attrlabl><attalias Sync="TRUE">Community</attalias><attrtype Sync="TRUE">String</attrtype><attwidth Sync="TRUE">254</attwidth><attrdef>Plant community type: I = Saltmarsh Cordgrass/low marsh,II = Saltmeadow/high marsh, III = Black Needlerush, IV = Saltbush, V = Big Cordgrass, VI = Cattail, VII = Arrow Arum, VIII = Reedgrass, IX = Yellow Pond Lily, X = Saltwort, XI = Freshwater mix, XII = Brackish mix</attrdef><atprecis Sync="TRUE">0</atprecis><attscale Sync="TRUE">0</attscale></attr><attr><attrlabl Sync="TRUE">Field_Chec</attrlabl><attalias Sync="TRUE">Field_Chec</attalias><attrtype Sync="TRUE">String</attrtype><attwidth Sync="TRUE">5</attwidth><attrdef>checked in field or remotely in lab</attrdef><atprecis Sync="TRUE">0</atprecis><attscale Sync="TRUE">0</attscale></attr><attr><attrlabl Sync="TRUE">PhragPcnt</attrlabl><attalias Sync="TRUE">PhragPcnt</attalias><attrtype Sync="TRUE">Double</attrtype><attwidth Sync="TRUE">19</attwidth><attrdef>% Phragmites australis</attrdef><atprecis Sync="TRUE">0</atprecis><attscale Sync="TRUE">0</attscale></attr><attr><attrlabl Sync="TRUE">FieldDate</attrlabl><attalias Sync="TRUE">FieldDate</attalias><attrtype Sync="TRUE">Date</attrtype><attwidth Sync="TRUE">8</attwidth><attrdef>Date of field verification</attrdef><atprecis Sync="TRUE">0</atprecis><attscale Sync="TRUE">0</attscale></attr><attr><attrlabl Sync="TRUE">CollectedB</attrlabl><attalias Sync="TRUE">CollectedB</attalias><attrtype Sync="TRUE">String</attrtype><attwidth Sync="TRUE">254</attwidth><attrdef>collected by</attrdef><atprecis Sync="TRUE">0</atprecis><attscale Sync="TRUE">0</attscale></attr><attr><attrlabl Sync="TRUE">Phrag2</attrlabl><attalias Sync="TRUE">Phrag2</attalias><attrtype Sync="TRUE">String</attrtype><attwidth Sync="TRUE">254</attwidth><atprecis Sync="TRUE">0</atprecis><attscale Sync="TRUE">0</attscale></attr><attr><attrlabl Sync="TRUE">CommunType</attrlabl><attalias Sync="TRUE">CommunType</attalias><attrtype Sync="TRUE">String</attrtype><attwidth Sync="TRUE">254</attwidth><attrdef>Plant community type: I = Saltmarsh Cordgrass/low marsh,II = Saltmeadow/high marsh, III = Black Needlerush, IV = Saltbush, V = Big Cordgrass, VI = Cattail, VII = Arrow Arum, VIII = Reedgrass, IX = Yellow Pond Lily, X = Saltwort, XI = Freshwater mix, XII = Brackish mix</attrdef><atprecis Sync="TRUE">0</atprecis><attscale Sync="TRUE">0</attscale></attr><attr><attrlabl Sync="TRUE">Dominant_P</attrlabl><attalias Sync="TRUE">Dominant_P</attalias><attrtype Sync="TRUE">String</attrtype><attwidth Sync="TRUE">254</attwidth><attrdef>dominant plant species</attrdef><atprecis Sync="TRUE">0</atprecis><attscale Sync="TRUE">0</attscale></attr><attr><attrlabl Sync="TRUE">Acres</attrlabl><attalias Sync="TRUE">Acres</attalias><attrtype Sync="TRUE">Double</attrtype><attwidth Sync="TRUE">13</attwidth><atprecis Sync="TRUE">12</atprecis><attscale Sync="TRUE">2</attscale></attr></detailed></eainfo><mdDateSt Sync="TRUE">20131210</mdDateSt><idinfo><native Sync="TRUE">Microsoft Windows XP Version 5.1 (Build 2600) Service Pack 3; ESRI ArcCatalog 9.3.1.3000</native><descript><langdata Sync="TRUE">en</langdata><abstract>The Virginia Institute of Marine Science published the first Tidal marsh Inventories for the City of Virginia Beach in 1989 using data collected in the 1970's.   Using high resolution color infra-red imagery from 2009 and 2011 a new Tidal Marsh Inventory has been developed for 2013.  Marsh boundaries were generated using heads-up digitizing techniques at a scale of 1:1,000.  Each marsh polygon was classified by morphologic type: fringe, extensive, embayed, or marsh island.  Marshes were ground-truthed in the field where a community type index was assigned to each marsh based on plant community make-up.</abstract><purpose>To maintain and update an inventory of the distribution of tidal marshes for the Commonwealth f Virginia.
</purpose></descript><citation><citeinfo><title>Charles City County Tidal Marsh Inventory 2013</title><ftname Sync="TRUE">CharlesCity_TMI_2013</ftname><geoform Sync="TRUE">vector digital data</geoform><onlink>http://ccrm.vimc.edu/gis_data_maps/shoreline_inventories/index.html</onlink><origin>Comprehensive Coastal Inventory, Virginia Institute of Marine Science </origin><pubdate>2013</pubdate><pubinfo><pubplace>Gloucester Point, Virginia</pubplace><publish>Virginia Institute of Marine Science </publish></pubinfo></citeinfo></citation><natvform Sync="TRUE">Shapefile</natvform><spdom><lboundng><leftbc Sync="TRUE">299182.153500</leftbc><rightbc Sync="TRUE">333989.932200</rightbc><bottombc Sync="TRUE">4122695.160000</bottombc><topbc Sync="TRUE">4141630.419300</topbc></lboundng><bounding><westbc Sync="TRUE">-77.268762</westbc><eastbc Sync="TRUE">-76.871494</eastbc><northbc Sync="TRUE">37.406600</northbc><southbc Sync="TRUE">37.229161</southbc></bounding></spdom><ptcontac><cntinfo><cntperp><cntper>Marcia Berman </cntper><cntorg>Virginia Institute of Marine Science (VIMS)</cntorg></cntperp><cntpos>Director Comprehensive Coastal Inventory Program </cntpos><cntaddr><addrtype>mailing and physical address</addrtype><address>1346 Greate Road</address><city>Gloucester Point</city><state>Virginia</state><postal>23062</postal><country>USA</country></cntaddr><cntvoice>804-684-7188</cntvoice><cntfax>804-684-7179</cntfax><cntemail>marcia@vims.edu</cntemail></cntinfo></ptcontac><accconst>none</accconst><useconst>The boundaries should not be used for jurisdictional determineations
</useconst><timeperd><timeinfo><mdattim><sngdate><caldate>6/12/2013</caldate></sngdate><sngdate><caldate>6/13/2013</caldate></sngdate><sngdate><caldate>6/20/2013</caldate></sngdate></mdattim></timeinfo><current>ground condition</current></timeperd><keywords><theme><themekey>Tidal marsh inventory</themekey><themekey>Marsh community type</themekey></theme><place><placekey>Virginia</placekey><placekey>James River</placekey><placekey>Chickahominy River</placekey><placekey>Morris Creek</placekey><placekey>Tomahund Creek</placekey><placekey>Queens Creek</placekey><placekey>Herring Creek</placekey><placekey>Turkey Island Creek</placekey></place></keywords><status><progress>Complete</progress><update>None planned</update></status></idinfo><metainfo><langmeta Sync="TRUE">en</langmeta><metstdn Sync="TRUE">FGDC Content Standards for Digital Geospatial Metadata</metstdn><metstdv Sync="TRUE">FGDC-STD-001-1998</metstdv><mettc Sync="TRUE">local time</mettc><metd Sync="TRUE">20131210</metd><metc><cntinfo><cntperp><cntper>Sharon Killeen</cntper><cntorg>Comprehensive Coastal Inventory Program, Virginia Institute of Marine Science </cntorg></cntperp><cntpos>GIS Programmer/Analyst </cntpos><cntaddr><addrtype>mailing and physical address</addrtype><address>1346 Greate Road</address><city>Gloucester Point</city><state>Virginia</state><postal>23062</postal><country>USA</country></cntaddr><cntvoice>804-684-7534</cntvoice><cntfax>804-684-7179</cntfax><cntemail>sharon@vims.edu</cntemail></cntinfo></metc></metainfo><mdStanName Sync="TRUE">ISO 19115 Geographic Information - Metadata</mdStanName><mdStanVer Sync="TRUE">DIS_ESRI1.0</mdStanVer><mdChar><CharSetCd Sync="TRUE" value="004"></CharSetCd></mdChar><distinfo><resdesc Sync="TRUE">Downloadable Data</resdesc><stdorder><digform><digtinfo><transize Sync="TRUE">2.505</transize><dssize Sync="TRUE">2.505</dssize></digtinfo></digform></stdorder><distliab>The Comprehensive Coastal Inventory Program (CCI) at VIMS performs a service by distributing data generated by either CCI or public agencies which offer data without restriction or charge. CCI assumes no responsibility for data accuracy or precision, metadata completeness or correctness for digital information. CCI assumes no liability for misuse of any data which may arise as a result of any alteration, conversion, or combination with other data sources. As well, the timeliness and scale of these products must be considered when evaluating appropriate use.
</distliab></distinfo><spref><horizsys><cordsysn><geogcsn Sync="TRUE">GCS_North_American_1983</geogcsn><projcsn Sync="TRUE">NAD_1983_UTM_Zone_18N</projcsn></cordsysn><planar><planci><plance Sync="TRUE">coordinate pair</plance><plandu Sync="TRUE">meters</plandu><coordrep><absres Sync="TRUE">0.000000</absres><ordres Sync="TRUE">0.000000</ordres></coordrep></planci></planar><geodetic><horizdn Sync="TRUE">North American Datum of 1983</horizdn><ellips Sync="TRUE">Geodetic Reference System 80</ellips><semiaxis Sync="TRUE">6378137.000000</semiaxis><denflat Sync="TRUE">298.257222</denflat></geodetic></horizsys></spref><dataqual><lineage><srcinfo><srccite><citeinfo><origin>Virginia Geographic Information Network (VGIN) </origin><pubdate>2009</pubdate><title>Virginia Base Mapping Program (VBMP) </title><pubinfo><pubplace>Richmond, Virginia </pubplace><publish>Virginia Geographic Information Network (VGIN) </publish></pubinfo></citeinfo></srccite><typesrc>digital data</typesrc><srccitea>VBMP</srccitea><srccontr>base shoreline and imagery
</srccontr></srcinfo><procstep><proccont><cntinfo><cntperp><cntper>Sharon Killeen</cntper><cntorg>Comprehensive Coastal Inventory Program, Virginia Institute of Marine Science </cntorg></cntperp><cntpos>GIS Programmer/Analyst </cntpos><cntaddr><addrtype>mailing and physical address</addrtype><address>1346 Greate Road</address><city>Gloucester Point</city><state>Virginia</state><postal>23062</postal><country>USA</country></cntaddr><cntvoice>804-684-7534</cntvoice><cntfax>804-684-7119</cntfax><cntemail>sharon@vims.edu</cntemail></cntinfo></proccont><procdesc>The 2013 TMI (Tidal Marsh Inventory) shapefile was created by visual photo interpretation and heads up digitizing of recent (2009 and 2011) high resolution (6") infrared aerial photography at a scale of 1:1000.  This scale was picked as a compromise between taking full advantage of the resolution and time constraints.  Marsh information from previous shoreline surveys was used, particularly in identifying narrow fringe marshes.  The latest NWI was also used.  This delineation was completed prior to the fieldwork and then corrected as noted in the field.</procdesc><procdate>2013</procdate></procstep><procstep><procdesc>Wetlands Advisory Group (WAG) scientists with experience identifying tidal wetland plant species are responsible for TMI field data collection.  During boat surveys, observations of tidal marshes visible along the shoreline from a boat are made using binoculars.  The WAG scientist compares observed tidal marshes with the digitized polygons on the aerial photographs.  

Field data sheets are used to record all of the mapped marsh polygons that are ground trothed as tidal marshes.  New Marshes that are not delineated as numbered polygons are drawn onto the aerial photos using legible ink for future digitizing.  Each New Marsh is assigned a unique New Marsh ID number using pre-established sequences for each scientist.  Previously digitized polygons that are determined through observation to be "Not Marsh" are recorded for future deletion with notes to document what the actual condition is.  

All observed tidal wetland plant species within each Marsh and New Marsh polygon are recorded on the field data sheets.  The relative cover of each species is indicated by dominance (&gt;50%), trace (&lt;1%), or just a presence between 1-49% cover recorded.  Tidal wetland field guides are used to assist with plant identification when necessary and photographs of unknown species are taken.  Unknown plant species may be collected, labeled and returned to the lab for immediate identification using standard wetland plant identification keys.  The general wetland community type code is also recorded based on species dominance using a pre-established list .    

Field data is then entered into a project-specific attribute table for easy assimilation into a geo-referenced database.  Quality assurance checks after data entry include looking for and fixing duplicate polygon numbers, deleting all Not Marsh polygons, correcting inconsistent community codes, and verifying that the field surveyed marsh polygons in the final maps have the correct, corresponding field data.
</procdesc></procstep><procstep><procdesc>Maps that have been verified in the field are checked in the lab for any discrepancies. Any changes to or new marshes are added at this stage. Marsh polygons are also coded for field verification.
</procdesc></procstep><procstep><procdesc>Community type, phragmites presence and comments are extracted from the marsh excel spreadsheet and joined (ArcMap command Join Field) to the tidal marsh shapefile using the marsh id as the common attribute.
</procdesc></procstep></lineage><attracc><attraccr>Assumptions were made that all data used for producing this shapefile were accurate.
</attraccr></attracc><posacc><horizpa><horizpar>The positional accuracy of the data is dependent upon the accuracy of the initial coverages.
</horizpar></horizpa></posacc></dataqual></metadata>
