<?xml version="1.0"?>
<!--<!DOCTYPE metadata SYSTEM "http://www.esri.com/metadata/esriprof80.dtd">-->
<metadata xml:lang="en"><Esri><CreaDate>20130227</CreaDate><CreaTime>11175800</CreaTime><SyncOnce>FALSE</SyncOnce><DataProperties><lineage><Process ToolSource="C:\Program Files\ArcGIS\ArcToolbox\Toolboxes\Data Management Tools.tbx\DefineProjection" Date="20100610" Time="082250">DefineProjection ffax_lubc PROJCS['NAD_1983_UTM_Zone_18N',GEOGCS['GCS_North_American_1983',DATUM['D_North_American_1983',SPHEROID['GRS_1980',6378137.0,298.257222101]],PRIMEM['Greenwich',0.0],UNIT['Degree',0.0174532925199433]],PROJECTION['Transverse_Mercator'],PARAMETER['False_Easting',500000.0],PARAMETER['False_Northing',0.0],PARAMETER['Central_Meridian',-75.0],PARAMETER['Scale_Factor',0.9996],PARAMETER['Latitude_Of_Origin',0.0],UNIT['Meter',1.0]] ffax_lubc</Process><Process ToolSource="c:\program files (x86)\arcgis\desktop10.0\ArcToolbox\Toolboxes\Data Management Tools.tbx\FeatureToPolygon" Date="20120416" Time="152647">FeatureToPolygon alex_ffax_shl N:\cci\Shoreline_Inventories\Tidal_Marsh_Inventories\Localities\Alex_Fairfax_2012\alex_tmi.shp # ATTRIBUTES #</Process><Process ToolSource="C:\Program Files (x86)\ArcGIS\Desktop10.0\ArcToolbox\Toolboxes\Data Management Tools.tbx\CalculateField" Date="20120629" Time="074304">CalculateField alex_ffax_tmi Id "[FID] +1" VB #</Process><Process ToolSource="C:\Program Files (x86)\ArcGIS\Desktop10.0\ArcToolbox\Toolboxes\Data Management Tools.tbx\CalculateField" Date="20121203" Time="143252">CalculateField alex_ffax_tmi Field_day "7/9/2012" VB #</Process><Process ToolSource="C:\Program Files (x86)\ArcGIS\Desktop10.0\ArcToolbox\Toolboxes\Data Management Tools.tbx\CalculateField" Date="20121203" Time="143349">CalculateField alex_ffax_tmi Field_day "7/10/2012" VB #</Process><Process ToolSource="C:\Program Files (x86)\ArcGIS\Desktop10.0\ArcToolbox\Toolboxes\Data Management Tools.tbx\CalculateField" Date="20121203" Time="143438">CalculateField alex_ffax_tmi Field_day "7/10/2012" VB #</Process><Process ToolSource="C:\Program Files (x86)\ArcGIS\Desktop10.0\ArcToolbox\Toolboxes\Data Management Tools.tbx\CalculateField" Date="20121203" Time="143512">CalculateField alex_ffax_tmi Field_day "7/10/2012" VB #</Process><Process ToolSource="C:\Program Files (x86)\ArcGIS\Desktop10.0\ArcToolbox\Toolboxes\Data Management Tools.tbx\CalculateField" Date="20121203" Time="143714">CalculateField alex_ffax_tmi Field_day "7/9/2012" VB #</Process><Process ToolSource="C:\Program Files\ArcGIS\ArcToolbox\Toolboxes\Data Management Tools.tbx\JoinField" Date="20121205" Time="111901">JoinField alex_ffax_tmi_final Id FairfaxTMI_Community_Phrag_table TMI_id Field_Date;TMI_id;Community;Phrag;PhragPcnt;Comments alex_ffax_tmi_final</Process><Process ToolSource="C:\Program Files\ArcGIS\ArcToolbox\Toolboxes\Data Management Tools.tbx\JoinField" Date="20121205" Time="112310">JoinField alex_ffax_tmi_final Community CommunityTypeTable Code CommunType;Dominant_Plant_Species alex_ffax_tmi_final</Process></lineage><itemProps><itemLocation><linkage Sync="TRUE">file://\\139.70.26.251\ccrm\cci\Shoreline_Inventories\Tidal_Marsh_Inventories\Localities\Alex_Fairfax_2012\Farifax_tmi\alex_ffax_tmi_final</linkage><protocol Sync="TRUE">Local Area Network</protocol></itemLocation><itemName Sync="TRUE">alex_tmi</itemName><imsContentType Sync="TRUE">002</imsContentType><itemSize Sync="TRUE">0.000</itemSize></itemProps><copyHistory><copy source="N:\cci\Shoreline_Inventories\Tidal_Marsh_Inventories\Localities\Alex_Fairfax_2012\alex_ffax_tmi_final" dest="\\139.70.26.251\ccrm\cci\Shoreline_Inventories\Tidal_Marsh_Inventories\Localities\Alex_Fairfax_2012\Farifax_tmi\alex_ffax_tmi_final" date="20130227" time="11175800"></copy></copyHistory><coordRef><type Sync="TRUE">Projected</type><geogcsn Sync="TRUE">GCS_North_American_1983</geogcsn><csUnits Sync="TRUE">Linear Unit: Meter (1.000000)</csUnits><projcsn Sync="TRUE">NAD_1983_UTM_Zone_18N</projcsn><peXml Sync="TRUE">&lt;ProjectedCoordinateSystem xsi:type='typens:ProjectedCoordinateSystem' xmlns:xsi='http://www.w3.org/2001/XMLSchema-instance' xmlns:xs='http://www.w3.org/2001/XMLSchema' xmlns:typens='http://www.esri.com/schemas/ArcGIS/10.0'&gt;&lt;WKT&gt;PROJCS[&amp;quot;NAD_1983_UTM_Zone_18N&amp;quot;,GEOGCS[&amp;quot;GCS_North_American_1983&amp;quot;,DATUM[&amp;quot;D_North_American_1983&amp;quot;,SPHEROID[&amp;quot;GRS_1980&amp;quot;,6378137.0,298.257222101]],PRIMEM[&amp;quot;Greenwich&amp;quot;,0.0],UNIT[&amp;quot;Degree&amp;quot;,0.0174532925199433]],PROJECTION[&amp;quot;Transverse_Mercator&amp;quot;],PARAMETER[&amp;quot;False_Easting&amp;quot;,500000.0],PARAMETER[&amp;quot;False_Northing&amp;quot;,0.0],PARAMETER[&amp;quot;Central_Meridian&amp;quot;,-75.0],PARAMETER[&amp;quot;Scale_Factor&amp;quot;,0.9996],PARAMETER[&amp;quot;Latitude_Of_Origin&amp;quot;,0.0],UNIT[&amp;quot;Meter&amp;quot;,1.0],AUTHORITY[&amp;quot;EPSG&amp;quot;,26918]]&lt;/WKT&gt;&lt;XOrigin&gt;-5120900&lt;/XOrigin&gt;&lt;YOrigin&gt;-9998100&lt;/YOrigin&gt;&lt;XYScale&gt;450445547.3910538&lt;/XYScale&gt;&lt;ZOrigin&gt;-100000&lt;/ZOrigin&gt;&lt;ZScale&gt;10000&lt;/ZScale&gt;&lt;MOrigin&gt;-100000&lt;/MOrigin&gt;&lt;MScale&gt;10000&lt;/MScale&gt;&lt;XYTolerance&gt;0.001&lt;/XYTolerance&gt;&lt;ZTolerance&gt;0.001&lt;/ZTolerance&gt;&lt;MTolerance&gt;0.001&lt;/MTolerance&gt;&lt;HighPrecision&gt;true&lt;/HighPrecision&gt;&lt;WKID&gt;26918&lt;/WKID&gt;&lt;/ProjectedCoordinateSystem&gt;</peXml></coordRef></DataProperties><SyncDate>20130228</SyncDate><SyncTime>12115700</SyncTime><ModDate>20130228</ModDate><ModTime>12115700</ModTime><ArcGISstyle>Item Description</ArcGISstyle></Esri><idinfo><citation><citeinfo><origin>Comprehensive Coastal Inventory Program, Virginia Institute of Marine Science </origin><pubdate>2012</pubdate><title>Fairfax County Tidal Marsh Inventory</title><ftname Sync="TRUE">fairfax_tmi</ftname><geoform Sync="TRUE">vector digital data</geoform><onlink>http://ccrm.vims.edu/gis_data_maps/static_maps/gis/tmi_updated.html</onlink></citeinfo></citation><native Sync="TRUE">Microsoft Windows Vista Version 6.1 (Build 7601) Service Pack 1; ESRI ArcCatalog 9.3.1.3000</native><descript><langdata Sync="TRUE">en</langdata><abstract>The Virginia Institute of Marine Science published the first Tidal marsh Inventories for the City of Virginia Beach in 1989 using data collected in the 1970's.   Using high resolution color infra-red imagery from 2009 and 2011 a new Tidal Marsh Inventory has been developed for 2012.  Marsh boundaries were generated using heads-up digitizing techniques at a scale of 1:1,000.  Each marsh polygon was classified by morphologic type: fringe, extensive, embayed, or marsh island.  Marshes were ground-truthed in the field where a community type index was assigned to each marsh based on plant community make-up.
</abstract><purpose>To maintain and update an inventory of the distribution of tidal marshes for the Commonwealth of Virginia.
</purpose></descript><timeperd><current>ground condition at time of survey</current><timeinfo><mdattim><sngdate><caldate>7/9/2012</caldate></sngdate><sngdate><caldate>7/10/2012</caldate></sngdate><sngdate/><sngdate/></mdattim></timeinfo></timeperd><status><progress>Complete</progress><update>None planned</update></status><spdom><bounding><westbc Sync="TRUE">-77.253271</westbc><eastbc Sync="TRUE">-77.040071</eastbc><northbc Sync="TRUE">38.796750</northbc><southbc Sync="TRUE">38.618047</southbc></bounding><lboundng><leftbc Sync="TRUE">304306.889856</leftbc><rightbc Sync="TRUE">322401.876609</rightbc><bottombc Sync="TRUE">4276788.704348</bottombc><topbc Sync="TRUE">4296208.430884</topbc></lboundng></spdom><keywords><theme><themekey>Tidal Marsh Inventory</themekey><themekey>Marsh Community Type</themekey></theme><place><placekey>Potomac River </placekey><placekey>Occoquan Bay </placekey><placekey>Pohick Bay </placekey><placekey>Accotink Bay </placekey><placekey>Hunting Creek </placekey><placekey>Little Hunting Creek </placekey></place></keywords><accconst>none</accconst><useconst>The boundaries should not be used for jurisdictional determinations.</useconst><natvform Sync="TRUE">Shapefile</natvform><ptcontac><cntinfo><cntperp><cntper>Marcia Berman</cntper><cntorg>Virginia Institute of Marine Science </cntorg></cntperp><cntpos>Director of Comprehensive Coastal Inventory Program </cntpos><cntaddr><addrtype>mailing and physical address</addrtype><address>P.O.Box 1346 Greate Road</address><city>Gloucester Point</city><state>VA</state><postal>23062</postal><country>USA</country></cntaddr><cntvoice>804-684-7188</cntvoice><cntfax>804-684-7179</cntfax><cntemail>marcia@vims.edu</cntemail></cntinfo></ptcontac></idinfo><distInfo><distributor><distorTran><onLineSrc><linkage Sync="TRUE">file://\\139.70.26.251\ccrm\cci\Shoreline_Inventories\Tidal_Marsh_Inventories\Localities\Alex_Fairfax_2012\Farifax_tmi\fairfax_tmi.shp</linkage><protocol Sync="TRUE">Local Area Network</protocol><orDesc Sync="TRUE">002</orDesc></onLineSrc><transSize Sync="TRUE">0.327</transSize></distorTran><distorFormat><formatName Sync="TRUE">Shapefile</formatName></distorFormat></distributor><distFormat><formatName Sync="TRUE">Shapefile</formatName></distFormat><distTranOps><transSize Sync="TRUE">0.000</transSize></distTranOps></distInfo><dataqual><lineage><procstep><procdesc>The 2012 TMI (Tidal Marsh Inventory) shapefile was created by visual photo interpretation and heads up digitizing of recent (2009) high resolution (6") infrared aerial photography at a scale of 1:1000.  This scale was picked as a compromise between taking full advantage of the resolution and time restraints.  Marsh information from previous shoreline surveys was used, particularly in identifying narrow fringe marshes.  The latest NWI was also used.  This delineation was completed prior to the fieldwork and then corrected as noted in the field.</procdesc><procdate>2012</procdate></procstep><srcinfo><srccite><citeinfo><title>Virginia Geographic Information Network (VGIN)</title><origin>Virginia Base Mapping Program (VBMP) 2009 </origin><pubdate>2011</pubdate><pubinfo><pubplace>Richmond, Virginia</pubplace><publish>Virginia Geographic Information Network (VGIN)</publish></pubinfo></citeinfo></srccite><srctime><srccurr>ground condition</srccurr></srctime></srcinfo><procstep><procdesc>Wetlands Advisory Group (WAG) scientists with experience identifying tidal wetland plant species are responsible for TMI field data collection.  During boat surveys, observations of tidal marshes visible along the shoreline from a boat are made using binoculars.  The WAG scientist compares observed tidal marshes with the digitized polygons on the aerial photographs.
Field data sheets are used to record all of the mapped marsh polygons that are ground truthed as tidal marshed.  New marshes that are not delineated as numbered polygons are drawn onto the aerial photos using legible ink for furure digitizing.  Each new marsh is assigned a unique new marsh ID number using pre-established sequences for each scientist.  Previously digitized polygons that are determined through observation to be "not marsh " are recorded for future deletion with notes to document what the actual condition was.  
All observed tidal wetland plant species within each marsh and new marsh polygon are recorded on the field data sheets.  The relative cover of each species is indicated by dominance (&gt;50%), trace (&lt;1%), or just presence (between 1-49%) cover recorded.  Tidal wetland field guides are used to assist with plant identification when necessary and photographs of unknown species are taken.  Unknown plant species may be collected, labeld and returned to the lab for immediate identification using standard wetland plant identification keys.  The general wetland community type code is also recorded based on species dominance using a pre-established list.  Field data is then entered into a project specific attribute table for easy assimilation into a geo-referenced database.  Quality assurance checks after data entry include looking for and fixing duplicate polygon numbers, deleting all "not marsh" polygons, correcting inconsistent community codes, and verifying that the field surveyed marsh polygons in the final maps have the correct, corresponding field data.</procdesc></procstep><procstep><procdesc>Maps that have been verified in the field are checked in the lab for any discrepancies.  Any changes to or new marshes are added at this stage.  Marsh polygons are also coded for field verification.</procdesc></procstep><procstep><proccont><cntinfo><cntperp><cntper>Sharon Killeen</cntper><cntorg>Comprehensive Coastal Inventory Program, Virginia Institute of Marine Science</cntorg></cntperp><cntpos>GIS Programmer/Analyst</cntpos><cntaddr><addrtype>mailing and physical address</addrtype><address>P.O.Box 1346 Greate Road</address><city>Gloucester Point</city><state>Virginia</state><postal>23062</postal><country>USA</country></cntaddr><cntvoice>804-684-7534</cntvoice><cntfax>804-684-7179</cntfax><cntemail>sharon@vims.edu</cntemail></cntinfo></proccont><procdesc>Community type, phragmites presence and comments are extracted from the marsh excel spreadsheet and joined (ArcMap command Join Field) to the tidal marsh shapefile using the marsh ID as the common attribute.</procdesc></procstep></lineage><complete>All shoreline for Fairfax County that has a minimum depth of 2 feet at mean low water was surveyed.   Some shorelines are coded remotely if access was restricted due to depth at time of survey.  Upper reaches of creeks were often coded remotely.</complete><posacc><horizpa><horizpar>The positional accuracy of the data is dependent upon the accuracy of the initial coverages.</horizpar></horizpa></posacc><attracc><attraccr>Assumptions were made that all data used for producing this shapefile were accurate.  The exposure attribule was checked for a zero value and corrections were made as needed.</attraccr></attracc></dataqual><dataIdInfo><envirDesc Sync="TRUE">Microsoft Windows Vista Version 6.1 (Build 7601) Service Pack 1; ESRI ArcCatalog 9.3.1.3000</envirDesc><dataLang><languageCode Sync="TRUE" value="en"></languageCode><countryCode value="USA" Sync="TRUE"></countryCode></dataLang><idCitation><resTitle Sync="TRUE">fairfax_tmi</resTitle><presForm><PresFormCd Sync="TRUE" value="005"></PresFormCd></presForm></idCitation><spatRpType><SpatRepTypCd Sync="TRUE" value="001"></SpatRepTypCd></spatRpType><dataExt><geoEle><GeoBndBox esriExtentType="native"><westBL Sync="TRUE">304306.889856</westBL><eastBL Sync="TRUE">322401.876609</eastBL><northBL Sync="TRUE">4296208.430884</northBL><southBL Sync="TRUE">4276788.704348</southBL><exTypeCode Sync="TRUE">1</exTypeCode></GeoBndBox></geoEle></dataExt><geoBox esriExtentType="decdegrees"><westBL Sync="TRUE">-77.253271</westBL><eastBL Sync="TRUE">-77.040071</eastBL><northBL Sync="TRUE">38.79675</northBL><southBL Sync="TRUE">38.618047</southBL><exTypeCode Sync="TRUE">1</exTypeCode></geoBox></dataIdInfo><metainfo><langmeta Sync="TRUE">en</langmeta><metstdn Sync="TRUE">FGDC Content Standards for Digital Geospatial Metadata</metstdn><metstdv Sync="TRUE">FGDC-STD-001-1998</metstdv><mettc Sync="TRUE">local time</mettc><metc><cntinfo><cntaddr><addrtype>mailing and physical address</addrtype><city>Gloucester Point</city><state>VA</state><postal>23062</postal><address>P.O.Box 1346 Greate Road</address><country>USA</country></cntaddr><cntvoice>804-684-7534</cntvoice><cntperp><cntper>Sharon Killeen</cntper><cntorg>Comprehensive Coastal Inventory</cntorg></cntperp><cntpos>GIS Programmer/Analyst</cntpos><cntfax>804-684-7179</cntfax><cntemail>sharon@vims.edu</cntemail></cntinfo></metc><metd Sync="TRUE">20130228</metd><metextns><onlink Sync="TRUE">http://www.esri.com/metadata/esriprof80.html</onlink><metprof Sync="TRUE">ESRI Metadata Profile</metprof></metextns></metainfo><mdLang><languageCode Sync="TRUE" value="en"></languageCode><countryCode value="USA" Sync="TRUE"></countryCode></mdLang><mdStanName Sync="TRUE">ISO 19115 Geographic Information - Metadata</mdStanName><mdStanVer Sync="TRUE">DIS_ESRI1.0</mdStanVer><mdChar><CharSetCd Sync="TRUE" value="004"></CharSetCd></mdChar><mdHrLv><ScopeCd Sync="TRUE" value="005"></ScopeCd></mdHrLv><mdHrLvName Sync="TRUE">dataset</mdHrLvName><distinfo><resdesc Sync="TRUE">Downloadable Data</resdesc><stdorder><digform><digtinfo><transize Sync="TRUE">0.327</transize><dssize Sync="TRUE">0.327</dssize></digtinfo></digform></stdorder><distliab>
The Comprehensive Coastal Inventory Program (CCI) at VIMS performs a service by distributing data generated by either CCI or public agencies which offer data without restriction or charge. CCI assumes no responsibility for data accuracy or precision, metadata completeness or correctness for digital information. CCI assumes no liability for misuse of any data which may arise as a result of any alteration, conversion, or combination with other data sources. As well, the timeliness and scale of these products must be considered when evaluating appropriate use.
</distliab></distinfo><spdoinfo><direct Sync="TRUE">Vector</direct><ptvctinf><esriterm Name="fairfax_tmi"><efeatyp Sync="TRUE">Simple</efeatyp><efeageom code="4" Sync="TRUE">Polygon</efeageom><esritopo Sync="TRUE">FALSE</esritopo><efeacnt Sync="TRUE">215</efeacnt><spindex Sync="TRUE">TRUE</spindex><linrefer Sync="TRUE">FALSE</linrefer></esriterm><sdtsterm Name="fairfax_tmi"><sdtstype Sync="TRUE">G-polygon</sdtstype><ptvctcnt Sync="TRUE">215</ptvctcnt></sdtsterm></ptvctinf></spdoinfo><spref><horizsys><cordsysn><geogcsn Sync="TRUE">GCS_North_American_1983</geogcsn><projcsn Sync="TRUE">NAD_1983_UTM_Zone_18N</projcsn></cordsysn><planar><planci><plance Sync="TRUE">coordinate pair</plance><plandu Sync="TRUE">meters</plandu><coordrep><absres Sync="TRUE">0.000000</absres><ordres Sync="TRUE">0.000000</ordres></coordrep></planci><gridsys><gridsysn Sync="TRUE">Universal Transverse Mercator</gridsysn><utm><utmzone Sync="TRUE">18</utmzone><transmer><sfctrmer Sync="TRUE">0.999600</sfctrmer><longcm Sync="TRUE">-75.000000</longcm><latprjo Sync="TRUE">0.000000</latprjo><feast Sync="TRUE">500000.000000</feast><fnorth Sync="TRUE">0.000000</fnorth></transmer></utm></gridsys></planar><geodetic><horizdn Sync="TRUE">North American Datum of 1983</horizdn><ellips Sync="TRUE">Geodetic Reference System 80</ellips><semiaxis Sync="TRUE">6378137.000000</semiaxis><denflat Sync="TRUE">298.257222</denflat></geodetic></horizsys></spref><refSysInfo><RefSystem><refSysID><identCode Sync="TRUE" value="26918">NAD_1983_UTM_Zone_18N</identCode><idCodeSpace Sync="TRUE">EPSG</idCodeSpace><idVersion Sync="TRUE">7.4.1</idVersion></refSysID></RefSystem></refSysInfo><spatRepInfo><VectSpatRep><topLvl><TopoLevCd value="001" Sync="TRUE"></TopoLevCd></topLvl><geometObjs Name="fairfax_tmi"><geoObjTyp><GeoObjTypCd Sync="TRUE" value="001"></GeoObjTypCd></geoObjTyp><geoObjCnt Sync="TRUE">215</geoObjCnt></geometObjs></VectSpatRep></spatRepInfo><eainfo><detailed Name="fairfax_tmi"><enttyp><enttypl Sync="TRUE">fairfax_tmi</enttypl><enttypt Sync="TRUE">Feature Class</enttypt><enttypc Sync="TRUE">215</enttypc></enttyp><attr><attrlabl Sync="TRUE">FID</attrlabl><attalias Sync="TRUE">FID</attalias><attrtype Sync="TRUE">OID</attrtype><attwidth Sync="TRUE">4</attwidth><atprecis Sync="TRUE">0</atprecis><attscale Sync="TRUE">0</attscale><attrdef Sync="TRUE">Internal feature number.</attrdef><attrdefs Sync="TRUE">ESRI</attrdefs><attrdomv><udom Sync="TRUE">Sequential unique whole numbers that are automatically generated.</udom></attrdomv></attr><attr><attrlabl Sync="TRUE">Shape</attrlabl><attalias Sync="TRUE">Shape</attalias><attrtype Sync="TRUE">Geometry</attrtype><attwidth Sync="TRUE">0</attwidth><atprecis Sync="TRUE">0</atprecis><attscale Sync="TRUE">0</attscale><attrdef Sync="TRUE">Feature geometry.</attrdef><attrdefs Sync="TRUE">ESRI</attrdefs><attrdomv><udom Sync="TRUE">Coordinates defining the features.</udom></attrdomv></attr><attr><attrlabl Sync="TRUE">Id</attrlabl><attalias Sync="TRUE">Id</attalias><attrtype Sync="TRUE">Number</attrtype><attwidth Sync="TRUE">6</attwidth><attrdef>Marsh ID number</attrdef></attr><attr><attrlabl Sync="TRUE">Area</attrlabl><attalias Sync="TRUE">Area</attalias><attrtype Sync="TRUE">Float</attrtype><attwidth Sync="TRUE">13</attwidth><attrdef>Size of polygon</attrdef><atnumdec Sync="TRUE">11</atnumdec></attr><attr><attrlabl Sync="TRUE">TypeMarsh</attrlabl><attalias Sync="TRUE">TypeMarsh</attalias><attrtype Sync="TRUE">String</attrtype><attwidth Sync="TRUE">30</attwidth><attrdef>Fringe &lt;5ft., Fringe 5-10 ft., Fringe 10-15 ft., Fringe &gt;15 ft., Embayed, Extensive, and Marsh Island</attrdef></attr><attr><attrlabl Sync="TRUE">Field</attrlabl><attalias Sync="TRUE">Field</attalias><attrtype Sync="TRUE">String</attrtype><attwidth Sync="TRUE">5</attwidth><attrdef>Field verification</attrdef></attr><attr><attrlabl Sync="TRUE">Field_day</attrlabl><attalias Sync="TRUE">Field_day</attalias><attrtype Sync="TRUE">Date</attrtype><attwidth Sync="TRUE">8</attwidth><attrdef>date of fieldwork</attrdef></attr><attr><attrlabl Sync="TRUE">Location</attrlabl><attalias Sync="TRUE">Location</attalias><attrtype Sync="TRUE">String</attrtype><attwidth Sync="TRUE">50</attwidth><attrdef>location of marsh</attrdef></attr><attr><attrlabl Sync="TRUE">Field_Date</attrlabl><attalias Sync="TRUE">Field_Date</attalias><attrtype Sync="TRUE">Date</attrtype><attwidth Sync="TRUE">8</attwidth></attr><attr><attrlabl Sync="TRUE">TMI_id</attrlabl><attalias Sync="TRUE">TMI_id</attalias><attrtype Sync="TRUE">Float</attrtype><attwidth Sync="TRUE">19</attwidth><attrdef>marsh ID number</attrdef><atnumdec Sync="TRUE">11</atnumdec></attr><attr><attrlabl Sync="TRUE">Community</attrlabl><attalias Sync="TRUE">Community</attalias><attrtype Sync="TRUE">String</attrtype><attwidth Sync="TRUE">254</attwidth><attrdef>community type abbreviation</attrdef></attr><attr><attrlabl Sync="TRUE">Phrag</attrlabl><attalias Sync="TRUE">Phrag</attalias><attrtype Sync="TRUE">String</attrtype><attwidth Sync="TRUE">254</attwidth><attrdef>Phragmites australis present</attrdef></attr><attr><attrlabl Sync="TRUE">PhragPcnt</attrlabl><attalias Sync="TRUE">PhragPcnt</attalias><attrtype Sync="TRUE">String</attrtype><attwidth Sync="TRUE">254</attwidth><attrdef>percent of Phragmites australis present in marsh polygon</attrdef></attr><attr><attrlabl Sync="TRUE">Comments</attrlabl><attalias Sync="TRUE">Comments</attalias><attrtype Sync="TRUE">String</attrtype><attwidth Sync="TRUE">254</attwidth></attr><attr><attrlabl Sync="TRUE">CommunType</attrlabl><attalias Sync="TRUE">CommunType</attalias><attrtype Sync="TRUE">String</attrtype><attwidth Sync="TRUE">254</attwidth><attrdef>community type description</attrdef></attr><attr><attrlabl Sync="TRUE">Dominant_P</attrlabl><attalias Sync="TRUE">Dominant_P</attalias><attrtype Sync="TRUE">String</attrtype><attwidth Sync="TRUE">254</attwidth><attrdef>dominant plant species</attrdef></attr></detailed></eainfo><mdDateSt Sync="TRUE">20130228</mdDateSt></metadata>
